file,layer,kind,section_id,section,sidebar_group,is_test,classified_by,used_by_sections
"packages/api/cluster.ts","backend","بنية/مساعد","core","البنية الأساسية المشتركة","خارج القائمة","no","rule",""
"packages/api/config/env.ts","backend","بنية/مساعد","core","البنية الأساسية المشتركة","خارج القائمة","no","rule",""
"packages/api/db.ts","backend","بنية/مساعد","core","البنية الأساسية المشتركة","خارج القائمة","no","rule",""
"packages/api/dev-purge-roles-users.ts","backend","بنية/مساعد","users_roles","المستخدمون والأدوار والصلاحيات","الإدارة والإعدادات","no","rule",""
"packages/api/dev-reset-auth-users.ts","backend","بنية/مساعد","users_roles","المستخدمون والأدوار والصلاحيات","الإدارة والإعدادات","no","rule",""
"packages/api/dev-reset-single-superadmin.ts","backend","بنية/مساعد","users_roles","المستخدمون والأدوار والصلاحيات","الإدارة والإعدادات","no","rule",""
"packages/api/domain/stageEngine.ts","backend","بنية/مساعد","tasks_core","محرك المهام المشترك ومهامي","الخدمة الميدانية","no","rule",""
"packages/api/index.ts","backend","بنية/مساعد","core","البنية الأساسية المشتركة","خارج القائمة","no","rule",""
"packages/api/lib/clientClassification.test.ts","backend","اختبار","clients","الزبائن","المبيعات والزبائن","yes","rule",""
"packages/api/lib/clientClassification.ts","backend","بنية/مساعد","clients","الزبائن","المبيعات والزبائن","no","rule",""
"packages/api/lib/clientSnapshot.ts","backend","بنية/مساعد","clients","الزبائن","المبيعات والزبائن","no","rule",""
"packages/api/lib/contractWarrantyPolicy.ts","backend","بنية/مساعد","contracts","العقود","المبيعات والزبائن","no","rule",""
"packages/api/lib/installationGeoLevel.ts","backend","بنية/مساعد","devices","الأجهزة وقطع الغيار والأجهزة المركّبة","الأجهزة والمخزون","no","rule",""
"packages/api/middleware/apiErrorHandler.test.ts","backend","اختبار","core","البنية الأساسية المشتركة","خارج القائمة","yes","rule",""
"packages/api/middleware/apiErrorHandler.ts","backend","بنية/مساعد","core","البنية الأساسية المشتركة","خارج القائمة","no","rule",""
"packages/api/middleware/appAuth.ts","backend","بنية/مساعد","mobile_app","واجهة تطبيق الزبائن (موبايل) — خادم فقط","خارج القائمة","no","rule",""
"packages/api/middleware/auth.ts","backend","بنية/مساعد","auth","تسجيل الدخول والجلسة","خارج القائمة","no","rule",""
"packages/api/middleware/permission.ts","backend","بنية/مساعد","core","البنية الأساسية المشتركة","خارج القائمة","no","rule",""
"packages/api/middleware/rateLimit.test.ts","backend","اختبار","mobile_app","واجهة تطبيق الزبائن (موبايل) — خادم فقط","خارج القائمة","yes","rule",""
"packages/api/middleware/rateLimit.ts","backend","بنية/مساعد","mobile_app","واجهة تطبيق الزبائن (موبايل) — خادم فقط","خارج القائمة","no","rule",""
"packages/api/migrate.ts","backend","بنية/مساعد","core","البنية الأساسية المشتركة","خارج القائمة","no","rule",""
"packages/api/policies/agentLicensePolicy.test.ts","backend","اختبار","sales_requests","طلبات ترشيح الأسماء وترخيص الوكلاء","المبيعات والزبائن","yes","rule",""
"packages/api/policies/agentLicensePolicy.ts","backend","سياسة صلاحيات","sales_requests","طلبات ترشيح الأسماء وترخيص الوكلاء","المبيعات والزبائن","no","rule",""
"packages/api/policies/candidatePolicy.test.ts","backend","اختبار","candidates","الأسماء المقترحة وجلسات الترشيح","المبيعات والزبائن","yes","rule",""
"packages/api/policies/candidatePolicy.ts","backend","سياسة صلاحيات","candidates","الأسماء المقترحة وجلسات الترشيح","المبيعات والزبائن","no","rule",""
"packages/api/policies/clientPolicy.ts","backend","سياسة صلاحيات","clients","الزبائن","المبيعات والزبائن","no","rule",""
"packages/api/policies/complaintPolicy.test.ts","backend","اختبار","complaints","الشكاوى","المبيعات والزبائن","yes","rule",""
"packages/api/policies/complaintPolicy.ts","backend","سياسة صلاحيات","complaints","الشكاوى","المبيعات والزبائن","no","rule",""
"packages/api/policies/contractCreationPolicy.test.ts","backend","اختبار","contracts","العقود","المبيعات والزبائن","yes","rule",""
"packages/api/policies/contractCreationPolicy.ts","backend","سياسة صلاحيات","contracts","العقود","المبيعات والزبائن","no","rule",""
"packages/api/policies/contractDocumentPolicy.test.ts","backend","اختبار","contracts","العقود","المبيعات والزبائن","yes","rule",""
"packages/api/policies/contractDocumentPolicy.ts","backend","سياسة صلاحيات","contracts","العقود","المبيعات والزبائن","no","rule",""
"packages/api/policies/contractPolicy.test.ts","backend","اختبار","contracts","العقود","المبيعات والزبائن","yes","rule",""
"packages/api/policies/contractPolicy.ts","backend","سياسة صلاحيات","contracts","العقود","المبيعات والزبائن","no","rule",""
"packages/api/policies/deviceDeliverySuspensionPolicy.ts","backend","سياسة صلاحيات","post_sale_tasks","تسليم وتركيب وتشغيل وفك الأجهزة","الخدمة الميدانية","no","rule",""
"packages/api/policies/devicePossessionPolicy.test.ts","backend","اختبار","devices","الأجهزة وقطع الغيار والأجهزة المركّبة","الأجهزة والمخزون","yes","rule",""
"packages/api/policies/devicePossessionPolicy.ts","backend","سياسة صلاحيات","devices","الأجهزة وقطع الغيار والأجهزة المركّبة","الأجهزة والمخزون","no","rule",""
"packages/api/policies/fieldVisitPolicy.test.ts","backend","اختبار","field_visits","الزيارات الميدانية وزياراتي","الخدمة الميدانية","yes","rule",""
"packages/api/policies/fieldVisitPolicy.ts","backend","سياسة صلاحيات","field_visits","الزيارات الميدانية وزياراتي","الخدمة الميدانية","no","rule",""
"packages/api/policies/giftPolicy.test.ts","backend","اختبار","gifts","الهدايا","الهدايا","yes","rule",""
"packages/api/policies/giftPolicy.ts","backend","سياسة صلاحيات","gifts","الهدايا","الهدايا","no","rule",""
"packages/api/policies/nameNominationPolicy.test.ts","backend","اختبار","sales_requests","طلبات ترشيح الأسماء وترخيص الوكلاء","المبيعات والزبائن","yes","rule",""
"packages/api/policies/nameNominationPolicy.ts","backend","سياسة صلاحيات","sales_requests","طلبات ترشيح الأسماء وترخيص الوكلاء","المبيعات والزبائن","no","rule",""
"packages/api/policies/openTaskPolicy.test.ts","backend","اختبار","tasks_core","محرك المهام المشترك ومهامي","الخدمة الميدانية","yes","rule",""
"packages/api/policies/openTaskPolicy.ts","backend","سياسة صلاحيات","tasks_core","محرك المهام المشترك ومهامي","الخدمة الميدانية","no","rule",""
"packages/api/policies/periodicMaintenanceRequestPolicy.test.ts","backend","اختبار","service_requests","طلبات الخدمة (عامة، فحص المياه، الأجهزة، الصيانة الدورية، الكفالة الذهبية)","الخدمة الميدانية","yes","rule",""
"packages/api/policies/referralGiftPromiseAuthorization.test.ts","backend","اختبار","gifts","الهدايا","الهدايا","yes","rule",""
"packages/api/policies/referralSheetPolicy.ts","backend","سياسة صلاحيات","candidates","الأسماء المقترحة وجلسات الترشيح","المبيعات والزبائن","no","rule",""
"packages/api/policies/routeAssignmentPolicy.ts","backend","سياسة صلاحيات","planning","التخطيط والجدولة","الخدمة الميدانية","no","rule",""
"packages/api/policies/routePolicy.ts","backend","سياسة صلاحيات","geo_routes","المناطق الإدارية وخطوط السير","الإدارة والإعدادات","no","rule",""
"packages/api/policies/serviceRequestPartyLinkPolicy.test.ts","backend","اختبار","service_requests","طلبات الخدمة (عامة، فحص المياه، الأجهزة، الصيانة الدورية، الكفالة الذهبية)","الخدمة الميدانية","yes","rule",""
"packages/api/policies/serviceRequestPartyLinkPolicy.ts","backend","سياسة صلاحيات","service_requests","طلبات الخدمة (عامة، فحص المياه، الأجهزة، الصيانة الدورية، الكفالة الذهبية)","الخدمة الميدانية","no","rule",""
"packages/api/policies/supervisorAlertPolicy.test.ts","backend","اختبار","supervisor_alerts","تنبيهات المتابعة","الرئيسية","yes","rule",""
"packages/api/policies/supervisorAlertPolicy.ts","backend","سياسة صلاحيات","supervisor_alerts","تنبيهات المتابعة","الرئيسية","no","rule",""
"packages/api/policies/telemarketingServiceTaskPolicy.test.ts","backend","اختبار","telemarketing","الاتصالات والمواعيد","المبيعات والزبائن","yes","rule",""
"packages/api/policies/telemarketingServiceTaskPolicy.ts","backend","سياسة صلاحيات","telemarketing","الاتصالات والمواعيد","المبيعات والزبائن","no","rule",""
"packages/api/policies/trainingCoursePolicy.test.ts","backend","اختبار","recruitment","التوظيف (الشواغر، الطلبات، المقابلات، الدورات)","الموارد البشرية","yes","rule",""
"packages/api/policies/trainingCoursePolicy.ts","backend","سياسة صلاحيات","recruitment","التوظيف (الشواغر، الطلبات، المقابلات، الدورات)","الموارد البشرية","no","rule",""
"packages/api/repositories/applicationRepository.ts","backend","وصول للبيانات","recruitment","التوظيف (الشواغر، الطلبات، المقابلات، الدورات)","الموارد البشرية","no","rule",""
"packages/api/repositories/authRepository.ts","backend","وصول للبيانات","auth","تسجيل الدخول والجلسة","خارج القائمة","no","rule",""
"packages/api/repositories/employeeManagerCandidateQuery.ts","backend","وصول للبيانات","employees","الموظفون والأقسام","الموارد البشرية","no","rule",""
"packages/api/repositories/employeeRepository.ts","backend","وصول للبيانات","employees","الموظفون والأقسام","الموارد البشرية","no","rule",""
"packages/api/repositories/interviewRepository.ts","backend","وصول للبيانات","recruitment","التوظيف (الشواغر، الطلبات، المقابلات، الدورات)","الموارد البشرية","no","rule",""
"packages/api/repositories/trainingCourseRepository.ts","backend","وصول للبيانات","recruitment","التوظيف (الشواغر، الطلبات، المقابلات، الدورات)","الموارد البشرية","no","rule",""
"packages/api/routes/adminAccountRequests.ts","backend","مسار API","account_requests","طلبات إنشاء الحساب","الإدارة والإعدادات","no","rule",""
"packages/api/routes/adminAppAccounts.ts","backend","مسار API","account_requests","طلبات إنشاء الحساب","الإدارة والإعدادات","no","rule",""
"packages/api/routes/adminAppNotifications.ts","backend","مسار API","app_admin","إدارة تطبيق الزبائن (البانرات، الإشعارات، الروابط)","الإدارة والإعدادات","no","rule",""
"packages/api/routes/adminApplications.ts","backend","مسار API","recruitment","التوظيف (الشواغر، الطلبات، المقابلات، الدورات)","الموارد البشرية","no","rule",""
"packages/api/routes/appAccount.ts","backend","مسار API","mobile_app","واجهة تطبيق الزبائن (موبايل) — خادم فقط","خارج القائمة","no","rule",""
"packages/api/routes/appAuth.ts","backend","مسار API","mobile_app","واجهة تطبيق الزبائن (موبايل) — خادم فقط","خارج القائمة","no","rule",""
"packages/api/routes/appBranchCatalog.ts","backend","مسار API","mobile_app","واجهة تطبيق الزبائن (موبايل) — خادم فقط","خارج القائمة","no","rule",""
"packages/api/routes/appComplaints.ts","backend","مسار API","mobile_app","واجهة تطبيق الزبائن (موبايل) — خادم فقط","خارج القائمة","no","rule",""
"packages/api/routes/appContactLinks.contract.test.ts","backend","اختبار","app_admin","إدارة تطبيق الزبائن (البانرات، الإشعارات، الروابط)","الإدارة والإعدادات","yes","rule",""
"packages/api/routes/appContactLinks.ts","backend","مسار API","app_admin","إدارة تطبيق الزبائن (البانرات، الإشعارات، الروابط)","الإدارة والإعدادات","no","rule",""
"packages/api/routes/appDeviceCatalog.test.ts","backend","اختبار","mobile_app","واجهة تطبيق الزبائن (موبايل) — خادم فقط","خارج القائمة","yes","rule",""
"packages/api/routes/appDeviceCatalog.ts","backend","مسار API","mobile_app","واجهة تطبيق الزبائن (موبايل) — خادم فقط","خارج القائمة","no","rule",""
"packages/api/routes/appDeviceRequestPurposeCatalog.ts","backend","مسار API","mobile_app","واجهة تطبيق الزبائن (موبايل) — خادم فقط","خارج القائمة","no","rule",""
"packages/api/routes/appDevices.contract.test.ts","backend","اختبار","mobile_app","واجهة تطبيق الزبائن (موبايل) — خادم فقط","خارج القائمة","yes","rule",""
"packages/api/routes/appDevices.ts","backend","مسار API","mobile_app","واجهة تطبيق الزبائن (موبايل) — خادم فقط","خارج القائمة","no","rule",""
"packages/api/routes/appHome.ts","backend","مسار API","mobile_app","واجهة تطبيق الزبائن (موبايل) — خادم فقط","خارج القائمة","no","rule",""
"packages/api/routes/appHomeBanners.ts","backend","مسار API","app_admin","إدارة تطبيق الزبائن (البانرات، الإشعارات، الروابط)","الإدارة والإعدادات","no","rule",""
"packages/api/routes/appNotifications.ts","backend","مسار API","mobile_app","واجهة تطبيق الزبائن (موبايل) — خادم فقط","خارج القائمة","no","rule",""
"packages/api/routes/appOtp.ts","backend","مسار API","mobile_app","واجهة تطبيق الزبائن (موبايل) — خادم فقط","خارج القائمة","no","rule",""
"packages/api/routes/appServiceRequests.ts","backend","مسار API","mobile_app","واجهة تطبيق الزبائن (موبايل) — خادم فقط","خارج القائمة","no","rule",""
"packages/api/routes/appVisits.ts","backend","مسار API","mobile_app","واجهة تطبيق الزبائن (موبايل) — خادم فقط","خارج القائمة","no","rule",""
"packages/api/routes/auth.ts","backend","مسار API","auth","تسجيل الدخول والجلسة","خارج القائمة","no","rule",""
"packages/api/routes/branches.ts","backend","مسار API","branches","الفروع","الإدارة والإعدادات","no","rule",""
"packages/api/routes/branchesMobileProfile.test.ts","backend","اختبار","branches","الفروع","الإدارة والإعدادات","yes","rule",""
"packages/api/routes/candidateDetailContract.test.ts","backend","اختبار","candidates","الأسماء المقترحة وجلسات الترشيح","المبيعات والزبائن","yes","rule",""
"packages/api/routes/candidateRestrictedLeadLink.contract.test.ts","backend","اختبار","candidates","الأسماء المقترحة وجلسات الترشيح","المبيعات والزبائن","yes","rule",""
"packages/api/routes/candidates.ts","backend","مسار API","candidates","الأسماء المقترحة وجلسات الترشيح","المبيعات والزبائن","no","rule",""
"packages/api/routes/candidatesPagedContract.test.ts","backend","اختبار","candidates","الأسماء المقترحة وجلسات الترشيح","المبيعات والزبائن","yes","rule",""
"packages/api/routes/clientAssignmentIntegrity.contract.test.ts","backend","اختبار","clients","الزبائن","المبيعات والزبائن","yes","rule",""
"packages/api/routes/clientCandidateReferralDate.contract.test.ts","backend","اختبار","clients","الزبائن","المبيعات والزبائن","yes","rule",""
"packages/api/routes/clientNetworkMediatorLink.contract.test.ts","backend","اختبار","clients","الزبائن","المبيعات والزبائن","yes","rule",""
"packages/api/routes/clients.ts","backend","مسار API","clients","الزبائن","المبيعات والزبائن","no","rule",""
"packages/api/routes/clientsAssignedPaginationPerformance.test.ts","backend","اختبار","clients","الزبائن","المبيعات والزبائن","yes","rule",""
"packages/api/routes/complaints.ts","backend","مسار API","complaints","الشكاوى","المبيعات والزبائن","no","rule",""
"packages/api/routes/contactTargets.ts","backend","مسار API","telemarketing","الاتصالات والمواعيد","المبيعات والزبائن","no","rule",""
"packages/api/routes/contractCustomerLookupRoute.test.ts","backend","اختبار","contracts","العقود","المبيعات والزبائن","yes","rule",""
"packages/api/routes/contractDocuments.ts","backend","مسار API","contracts","العقود","المبيعات والزبائن","no","rule",""
"packages/api/routes/contracts.ts","backend","مسار API","contracts","العقود","المبيعات والزبائن","no","rule",""
"packages/api/routes/customerCalls.test.ts","backend","اختبار","clients","الزبائن","المبيعات والزبائن","yes","rule",""
"packages/api/routes/customerCalls.ts","backend","مسار API","clients","الزبائن","المبيعات والزبائن","no","rule",""
"packages/api/routes/customerPreOffers.ts","backend","مسار API","clients","الزبائن","المبيعات والزبائن","no","rule",""
"packages/api/routes/customerPreOffersAuthorization.test.ts","backend","اختبار","clients","الزبائن","المبيعات والزبائن","yes","rule",""
"packages/api/routes/dashboardLayout.contract.test.ts","backend","اختبار","dashboard","لوحة المتابعة","الرئيسية","yes","rule",""
"packages/api/routes/dashboardLayout.ts","backend","مسار API","dashboard","لوحة المتابعة","الرئيسية","no","rule",""
"packages/api/routes/departments.ts","backend","مسار API","employees","الموظفون والأقسام","الموارد البشرية","no","rule",""
"packages/api/routes/deviceModels.ts","backend","مسار API","devices","الأجهزة وقطع الغيار والأجهزة المركّبة","الأجهزة والمخزون","no","rule",""
"packages/api/routes/deviceParts.ts","backend","مسار API","devices","الأجهزة وقطع الغيار والأجهزة المركّبة","الأجهزة والمخزون","no","rule",""
"packages/api/routes/devicePossession.ts","backend","مسار API","devices","الأجهزة وقطع الغيار والأجهزة المركّبة","الأجهزة والمخزون","no","rule",""
"packages/api/routes/deviceWarranties.ts","backend","مسار API","warranty","خدمات الكفالة","الخدمة الميدانية","no","rule",""
"packages/api/routes/dues.ts","backend","مسار API","collection","تحصيل الذمم","المبيعات والزبائن","no","rule",""
"packages/api/routes/emergencyActionTypes.ts","backend","مسار API","system_config","القوائم المرجعية وأنواع المهام وإعدادات النظام","الإدارة والإعدادات","no","rule",""
"packages/api/routes/emergencyResult.ts","backend","مسار API","maintenance","الصيانة والأعطال","الخدمة الميدانية","no","rule",""
"packages/api/routes/emergencyTickets.ts","backend","مسار API","maintenance","الصيانة والأعطال","الخدمة الميدانية","no","rule",""
"packages/api/routes/employeeCloserLookupPermission.test.ts","backend","اختبار","employees","الموظفون والأقسام","الموارد البشرية","yes","rule",""
"packages/api/routes/employees.ts","backend","مسار API","employees","الموظفون والأقسام","الموارد البشرية","no","rule",""
"packages/api/routes/fieldVisits.ts","backend","مسار API","field_visits","الزيارات الميدانية وزياراتي","الخدمة الميدانية","no","rule",""
"packages/api/routes/fieldVisitsReadAccess.test.ts","backend","اختبار","field_visits","الزيارات الميدانية وزياراتي","الخدمة الميدانية","yes","rule",""
"packages/api/routes/geoUnits.ts","backend","مسار API","geo_routes","المناطق الإدارية وخطوط السير","الإدارة والإعدادات","no","rule",""
"packages/api/routes/giftCandidateFilterContract.test.ts","backend","اختبار","candidates","الأسماء المقترحة وجلسات الترشيح","المبيعات والزبائن","yes","rule",""
"packages/api/routes/giftPromiseConditions.contract.test.ts","backend","اختبار","gifts","الهدايا","الهدايا","yes","rule",""
"packages/api/routes/gifts.ts","backend","مسار API","gifts","الهدايا","الهدايا","no","rule",""
"packages/api/routes/installedDevices.ts","backend","مسار API","devices","الأجهزة وقطع الغيار والأجهزة المركّبة","الأجهزة والمخزون","no","rule",""
"packages/api/routes/instantVisitOptions.contract.test.ts","backend","اختبار","field_visits","الزيارات الميدانية وزياراتي","الخدمة الميدانية","yes","rule",""
"packages/api/routes/interviews.ts","backend","مسار API","recruitment","التوظيف (الشواغر، الطلبات، المقابلات، الدورات)","الموارد البشرية","no","rule",""
"packages/api/routes/maintenanceRequests.ts","backend","مسار API","service_requests","طلبات الخدمة (عامة، فحص المياه، الأجهزة، الصيانة الدورية، الكفالة الذهبية)","الخدمة الميدانية","no","rule",""
"packages/api/routes/media.ts","backend","مسار API","core","البنية الأساسية المشتركة","خارج القائمة","no","rule",""
"packages/api/routes/mediaServe.ts","backend","مسار API","core","البنية الأساسية المشتركة","خارج القائمة","no","rule",""
"packages/api/routes/mobileServiceRequestMedia.test.ts","backend","اختبار","mobile_app","واجهة تطبيق الزبائن (موبايل) — خادم فقط","خارج القائمة","yes","rule",""
"packages/api/routes/mobileServiceRequestMedia.ts","backend","مسار API","mobile_app","واجهة تطبيق الزبائن (موبايل) — خادم فقط","خارج القائمة","no","rule",""
"packages/api/routes/openTasks.ts","backend","مسار API","tasks_core","محرك المهام المشترك ومهامي","الخدمة الميدانية","no","rule",""
"packages/api/routes/planning.ts","backend","مسار API","planning","التخطيط والجدولة","الخدمة الميدانية","no","rule",""
"packages/api/routes/publicAccountDeletion.ts","backend","مسار API","mobile_app","واجهة تطبيق الزبائن (موبايل) — خادم فقط","خارج القائمة","no","rule",""
"packages/api/routes/publicApplications.ts","backend","مسار API","recruitment","التوظيف (الشواغر، الطلبات، المقابلات، الدورات)","الموارد البشرية","no","rule",""
"packages/api/routes/publicAreas.test.ts","backend","اختبار","geo_routes","المناطق الإدارية وخطوط السير","الإدارة والإعدادات","yes","rule",""
"packages/api/routes/publicAreas.ts","backend","مسار API","geo_routes","المناطق الإدارية وخطوط السير","الإدارة والإعدادات","no","rule",""
"packages/api/routes/publicVacancies.ts","backend","مسار API","recruitment","التوظيف (الشواغر، الطلبات، المقابلات، الدورات)","الموارد البشرية","no","rule",""
"packages/api/routes/referralGiftPromiseRoutes.contract.test.ts","backend","اختبار","gifts","الهدايا","الهدايا","yes","rule",""
"packages/api/routes/referralSheets.ts","backend","مسار API","candidates","الأسماء المقترحة وجلسات الترشيح","المبيعات والزبائن","no","rule",""
"packages/api/routes/reports.ts","backend","مسار API","reports","التقارير","التقارير","no","rule",""
"packages/api/routes/roles.ts","backend","مسار API","users_roles","المستخدمون والأدوار والصلاحيات","الإدارة والإعدادات","no","rule",""
"packages/api/routes/routeAssignments.ts","backend","مسار API","planning","التخطيط والجدولة","الخدمة الميدانية","no","rule",""
"packages/api/routes/routes.ts","backend","مسار API","geo_routes","المناطق الإدارية وخطوط السير","الإدارة والإعدادات","no","rule",""
"packages/api/routes/schedules.ts","backend","مسار API","planning","التخطيط والجدولة","الخدمة الميدانية","no","rule",""
"packages/api/routes/serviceAgreements.ts","backend","مسار API","contracts","العقود","المبيعات والزبائن","no","rule",""
"packages/api/routes/serviceRequests.ts","backend","مسار API","service_requests","طلبات الخدمة (عامة، فحص المياه، الأجهزة، الصيانة الدورية، الكفالة الذهبية)","الخدمة الميدانية","no","rule",""
"packages/api/routes/spareParts.ts","backend","مسار API","devices","الأجهزة وقطع الغيار والأجهزة المركّبة","الأجهزة والمخزون","no","rule",""
"packages/api/routes/systemLists.ts","backend","مسار API","system_config","القوائم المرجعية وأنواع المهام وإعدادات النظام","الإدارة والإعدادات","no","rule",""
"packages/api/routes/systemSettings.ts","backend","مسار API","system_config","القوائم المرجعية وأنواع المهام وإعدادات النظام","الإدارة والإعدادات","no","rule",""
"packages/api/routes/systemSettingsValidation.test.ts","backend","اختبار","system_config","القوائم المرجعية وأنواع المهام وإعدادات النظام","الإدارة والإعدادات","yes","rule",""
"packages/api/routes/systemSettingsValidation.ts","backend","مسار API","system_config","القوائم المرجعية وأنواع المهام وإعدادات النظام","الإدارة والإعدادات","no","rule",""
"packages/api/routes/taskTypeConfig.ts","backend","مسار API","system_config","القوائم المرجعية وأنواع المهام وإعدادات النظام","الإدارة والإعدادات","no","rule",""
"packages/api/routes/telemarketing.ts","backend","مسار API","telemarketing","الاتصالات والمواعيد","المبيعات والزبائن","no","rule",""
"packages/api/routes/telemarketingClientDetails.contract.test.ts","backend","اختبار","telemarketing","الاتصالات والمواعيد","المبيعات والزبائن","yes","rule",""
"packages/api/routes/telemarketingPermissionSplit.contract.test.ts","backend","اختبار","telemarketing","الاتصالات والمواعيد","المبيعات والزبائن","yes","rule",""
"packages/api/routes/trainingCourses.ts","backend","مسار API","recruitment","التوظيف (الشواغر، الطلبات، المقابلات، الدورات)","الموارد البشرية","no","rule",""
"packages/api/routes/upload.ts","backend","مسار API","core","البنية الأساسية المشتركة","خارج القائمة","no","rule",""
"packages/api/routes/vacancies.ts","backend","مسار API","recruitment","التوظيف (الشواغر، الطلبات، المقابلات، الدورات)","الموارد البشرية","no","rule",""
"packages/api/routes/workScopes.ts","backend","مسار API","planning","التخطيط والجدولة","الخدمة الميدانية","no","rule",""
"packages/api/routes/zoneStudy.ts","backend","مسار API","planning","التخطيط والجدولة","الخدمة الميدانية","no","rule",""
"packages/api/seed-superadmin.ts","backend","بنية/مساعد","users_roles","المستخدمون والأدوار والصلاحيات","الإدارة والإعدادات","no","rule",""
"packages/api/services/appAccounts/accountDeletionService.ts","backend","خدمة/منطق عمل","mobile_app","واجهة تطبيق الزبائن (موبايل) — خادم فقط","خارج القائمة","no","rule",""
"packages/api/services/appAccounts/accountDuplicatePolicy.test.ts","backend","اختبار","mobile_app","واجهة تطبيق الزبائن (موبايل) — خادم فقط","خارج القائمة","yes","rule",""
"packages/api/services/appAccounts/accountDuplicatePolicy.ts","backend","خدمة/منطق عمل","mobile_app","واجهة تطبيق الزبائن (موبايل) — خادم فقط","خارج القائمة","no","rule",""
"packages/api/services/appAccounts/accountRequestService.ts","backend","خدمة/منطق عمل","mobile_app","واجهة تطبيق الزبائن (موبايل) — خادم فقط","خارج القائمة","no","rule",""
"packages/api/services/appAccounts/accountRequestSnapshot.test.ts","backend","اختبار","mobile_app","واجهة تطبيق الزبائن (موبايل) — خادم فقط","خارج القائمة","yes","rule",""
"packages/api/services/appAccounts/adminAccountRequestService.ts","backend","خدمة/منطق عمل","account_requests","طلبات إنشاء الحساب","الإدارة والإعدادات","no","rule",""
"packages/api/services/appAccounts/adminAppAccountBulkPolicy.test.ts","backend","اختبار","account_requests","طلبات إنشاء الحساب","الإدارة والإعدادات","yes","rule",""
"packages/api/services/appAccounts/adminAppAccountService.ts","backend","خدمة/منطق عمل","account_requests","طلبات إنشاء الحساب","الإدارة والإعدادات","no","rule",""
"packages/api/services/appAccounts/appAccountListService.test.ts","backend","اختبار","account_requests","طلبات إنشاء الحساب","الإدارة والإعدادات","yes","rule",""
"packages/api/services/appAccounts/appAccountListService.ts","backend","خدمة/منطق عمل","account_requests","طلبات إنشاء الحساب","الإدارة والإعدادات","no","rule",""
"packages/api/services/appAccounts/appAuthService.ts","backend","خدمة/منطق عمل","mobile_app","واجهة تطبيق الزبائن (موبايل) — خادم فقط","خارج القائمة","no","rule",""
"packages/api/services/appAccounts/appProfileService.test.ts","backend","اختبار","mobile_app","واجهة تطبيق الزبائن (موبايل) — خادم فقط","خارج القائمة","yes","rule",""
"packages/api/services/appAccounts/appProfileService.ts","backend","خدمة/منطق عمل","mobile_app","واجهة تطبيق الزبائن (موبايل) — خادم فقط","خارج القائمة","no","rule",""
"packages/api/services/appBranchCatalogService.test.ts","backend","اختبار","mobile_app","واجهة تطبيق الزبائن (موبايل) — خادم فقط","خارج القائمة","yes","rule",""
"packages/api/services/appBranchCatalogService.ts","backend","خدمة/منطق عمل","mobile_app","واجهة تطبيق الزبائن (موبايل) — خادم فقط","خارج القائمة","no","rule",""
"packages/api/services/appContactLinks.test.ts","backend","اختبار","app_admin","إدارة تطبيق الزبائن (البانرات، الإشعارات، الروابط)","الإدارة والإعدادات","yes","rule",""
"packages/api/services/appContactLinks.ts","backend","خدمة/منطق عمل","app_admin","إدارة تطبيق الزبائن (البانرات، الإشعارات، الروابط)","الإدارة والإعدادات","no","rule",""
"packages/api/services/appDeviceCatalogService.test.ts","backend","اختبار","mobile_app","واجهة تطبيق الزبائن (موبايل) — خادم فقط","خارج القائمة","yes","rule",""
"packages/api/services/appDeviceCatalogService.ts","backend","خدمة/منطق عمل","mobile_app","واجهة تطبيق الزبائن (موبايل) — خادم فقط","خارج القائمة","no","rule",""
"packages/api/services/appHomeBanners.test.ts","backend","اختبار","app_admin","إدارة تطبيق الزبائن (البانرات، الإشعارات، الروابط)","الإدارة والإعدادات","yes","rule",""
"packages/api/services/appHomeBanners.ts","backend","خدمة/منطق عمل","app_admin","إدارة تطبيق الزبائن (البانرات، الإشعارات، الروابط)","الإدارة والإعدادات","no","rule",""
"packages/api/services/appNotifications/broadcastDestinations.test.ts","backend","اختبار","app_admin","إدارة تطبيق الزبائن (البانرات، الإشعارات، الروابط)","الإدارة والإعدادات","yes","rule",""
"packages/api/services/appNotifications/broadcastDestinations.ts","backend","خدمة/منطق عمل","app_admin","إدارة تطبيق الزبائن (البانرات، الإشعارات، الروابط)","الإدارة والإعدادات","no","rule",""
"packages/api/services/appNotifications/broadcastService.test.ts","backend","اختبار","app_admin","إدارة تطبيق الزبائن (البانرات، الإشعارات، الروابط)","الإدارة والإعدادات","yes","rule",""
"packages/api/services/appNotifications/broadcastService.ts","backend","خدمة/منطق عمل","app_admin","إدارة تطبيق الزبائن (البانرات، الإشعارات، الروابط)","الإدارة والإعدادات","no","rule",""
"packages/api/services/appNotifications/fcmPushSender.ts","backend","خدمة/منطق عمل","mobile_app","واجهة تطبيق الزبائن (موبايل) — خادم فقط","خارج القائمة","no","rule",""
"packages/api/services/appNotifications/notificationCatalog.ts","backend","خدمة/منطق عمل","mobile_app","واجهة تطبيق الزبائن (موبايل) — خادم فقط","خارج القائمة","no","rule",""
"packages/api/services/appNotifications/notificationService.test.ts","backend","اختبار","mobile_app","واجهة تطبيق الزبائن (موبايل) — خادم فقط","خارج القائمة","yes","rule",""
"packages/api/services/appNotifications/notificationService.ts","backend","خدمة/منطق عمل","mobile_app","واجهة تطبيق الزبائن (موبايل) — خادم فقط","خارج القائمة","no","rule",""
"packages/api/services/appNotifications/notify.test.ts","backend","اختبار","mobile_app","واجهة تطبيق الزبائن (موبايل) — خادم فقط","خارج القائمة","yes","rule",""
"packages/api/services/appNotifications/notify.ts","backend","خدمة/منطق عمل","mobile_app","واجهة تطبيق الزبائن (موبايل) — خادم فقط","خارج القائمة","no","rule",""
"packages/api/services/appNotifications/outboxConsumer.test.ts","backend","اختبار","mobile_app","واجهة تطبيق الزبائن (موبايل) — خادم فقط","خارج القائمة","yes","rule",""
"packages/api/services/appNotifications/outboxConsumer.ts","backend","خدمة/منطق عمل","mobile_app","واجهة تطبيق الزبائن (موبايل) — خادم فقط","خارج القائمة","no","rule",""
"packages/api/services/appNotifications/outboxJob.ts","backend","خدمة/منطق عمل","mobile_app","واجهة تطبيق الزبائن (موبايل) — خادم فقط","خارج القائمة","no","rule",""
"packages/api/services/appNotifications/pushDispatcher.test.ts","backend","اختبار","mobile_app","واجهة تطبيق الزبائن (موبايل) — خادم فقط","خارج القائمة","yes","rule",""
"packages/api/services/appNotifications/pushDispatcher.ts","backend","خدمة/منطق عمل","mobile_app","واجهة تطبيق الزبائن (موبايل) — خادم فقط","خارج القائمة","no","rule",""
"packages/api/services/appNotifications/pushSender.ts","backend","خدمة/منطق عمل","mobile_app","واجهة تطبيق الزبائن (موبايل) — خادم فقط","خارج القائمة","no","rule",""
"packages/api/services/appNotifications/timeSweep.test.ts","backend","اختبار","mobile_app","واجهة تطبيق الزبائن (موبايل) — خادم فقط","خارج القائمة","yes","rule",""
"packages/api/services/appNotifications/timeSweep.ts","backend","خدمة/منطق عمل","mobile_app","واجهة تطبيق الزبائن (موبايل) — خادم فقط","خارج القائمة","no","rule",""
"packages/api/services/appNotifications/timeSweepJob.ts","backend","خدمة/منطق عمل","mobile_app","واجهة تطبيق الزبائن (موبايل) — خادم فقط","خارج القائمة","no","rule",""
"packages/api/services/applicationReferrer.test.ts","backend","اختبار","recruitment","التوظيف (الشواغر، الطلبات، المقابلات، الدورات)","الموارد البشرية","yes","rule",""
"packages/api/services/applicationService.ts","backend","خدمة/منطق عمل","recruitment","التوظيف (الشواغر، الطلبات، المقابلات، الدورات)","الموارد البشرية","no","rule",""
"packages/api/services/applicationSubmissionError.ts","backend","خدمة/منطق عمل","recruitment","التوظيف (الشواغر، الطلبات، المقابلات، الدورات)","الموارد البشرية","no","rule",""
"packages/api/services/assignedTasks.ts","backend","خدمة/منطق عمل","tasks_core","محرك المهام المشترك ومهامي","الخدمة الميدانية","no","rule",""
"packages/api/services/assigneeEligibility.ts","backend","خدمة/منطق عمل","tasks_core","محرك المهام المشترك ومهامي","الخدمة الميدانية","no","rule",""
"packages/api/services/authService.ts","backend","خدمة/منطق عمل","auth","تسجيل الدخول والجلسة","خارج القائمة","no","rule",""
"packages/api/services/authorizationScopeCatalog.test.ts","backend","اختبار","core","البنية الأساسية المشتركة","خارج القائمة","yes","rule",""
"packages/api/services/authorizationService.ts","backend","خدمة/منطق عمل","core","البنية الأساسية المشتركة","خارج القائمة","no","rule",""
"packages/api/services/candidateDuplicateDetection.test.ts","backend","اختبار","candidates","الأسماء المقترحة وجلسات الترشيح","المبيعات والزبائن","yes","rule",""
"packages/api/services/candidateDuplicateDetection.ts","backend","خدمة/منطق عمل","candidates","الأسماء المقترحة وجلسات الترشيح","المبيعات والزبائن","no","rule",""
"packages/api/services/candidateOwnershipService.test.ts","backend","اختبار","candidates","الأسماء المقترحة وجلسات الترشيح","المبيعات والزبائن","yes","rule",""
"packages/api/services/candidateOwnershipService.ts","backend","خدمة/منطق عمل","candidates","الأسماء المقترحة وجلسات الترشيح","المبيعات والزبائن","no","rule",""
"packages/api/services/candidateReferrer.test.ts","backend","اختبار","candidates","الأسماء المقترحة وجلسات الترشيح","المبيعات والزبائن","yes","rule",""
"packages/api/services/candidateReferrer.ts","backend","خدمة/منطق عمل","candidates","الأسماء المقترحة وجلسات الترشيح","المبيعات والزبائن","no","rule",""
"packages/api/services/catalogActiveStateService.ts","backend","خدمة/منطق عمل","devices","الأجهزة وقطع الغيار والأجهزة المركّبة","الأجهزة والمخزون","no","rule",""
"packages/api/services/clientDeletionPolicy.test.ts","backend","اختبار","clients","الزبائن","المبيعات والزبائن","yes","rule",""
"packages/api/services/clientLifecycleService.ts","backend","خدمة/منطق عمل","clients","الزبائن","المبيعات والزبائن","no","rule",""
"packages/api/services/clientReadModel.ts","backend","خدمة/منطق عمل","clients","الزبائن","المبيعات والزبائن","no","rule",""
"packages/api/services/complaints/complaintCreateLookupPolicy.test.ts","backend","اختبار","complaints","الشكاوى","المبيعات والزبائن","yes","rule",""
"packages/api/services/complaints/complaintEntryPointContract.test.ts","backend","اختبار","complaints","الشكاوى","المبيعات والزبائن","yes","rule",""
"packages/api/services/complaints/complaintRequesterContact.test.ts","backend","اختبار","complaints","الشكاوى","المبيعات والزبائن","yes","rule",""
"packages/api/services/complaints/complaintService.ts","backend","خدمة/منطق عمل","complaints","الشكاوى","المبيعات والزبائن","no","rule",""
"packages/api/services/complaints/complaintTransitionSql.test.ts","backend","اختبار","complaints","الشكاوى","المبيعات والزبائن","yes","rule",""
"packages/api/services/complaints/complaintWorkflowGuards.test.ts","backend","اختبار","complaints","الشكاوى","المبيعات والزبائن","yes","rule",""
"packages/api/services/complaints/mobileComplaintService.ts","backend","خدمة/منطق عمل","mobile_app","واجهة تطبيق الزبائن (موبايل) — خادم فقط","خارج القائمة","no","rule",""
"packages/api/services/complaints/mobileComplaintSubjectContext.test.ts","backend","اختبار","complaints","الشكاوى","المبيعات والزبائن","yes","rule",""
"packages/api/services/contactTargetLocks.test.ts","backend","اختبار","telemarketing","الاتصالات والمواعيد","المبيعات والزبائن","yes","rule",""
"packages/api/services/contactTargetLocks.ts","backend","خدمة/منطق عمل","telemarketing","الاتصالات والمواعيد","المبيعات والزبائن","no","rule",""
"packages/api/services/contactTargetsCleanupJob.ts","backend","خدمة/منطق عمل","telemarketing","الاتصالات والمواعيد","المبيعات والزبائن","no","rule",""
"packages/api/services/contractActivationTriggerOrderMigration.test.ts","backend","اختبار","contracts","العقود","المبيعات والزبائن","yes","rule",""
"packages/api/services/contractCompletionMigration.test.ts","backend","اختبار","contracts","العقود","المبيعات والزبائن","yes","rule",""
"packages/api/services/contractCreationContextService.test.ts","backend","اختبار","contracts","العقود","المبيعات والزبائن","yes","rule",""
"packages/api/services/contractCreationContextService.ts","backend","خدمة/منطق عمل","contracts","العقود","المبيعات والزبائن","no","rule",""
"packages/api/services/contractCustomerLookupService.test.ts","backend","اختبار","contracts","العقود","المبيعات والزبائن","yes","rule",""
"packages/api/services/contractCustomerLookupService.ts","backend","خدمة/منطق عمل","contracts","العقود","المبيعات والزبائن","no","rule",""
"packages/api/services/contractLifecycle.test.ts","backend","اختبار","contracts","العقود","المبيعات والزبائن","yes","rule",""
"packages/api/services/contractLifecycle.ts","backend","خدمة/منطق عمل","contracts","العقود","المبيعات والزبائن","no","rule",""
"packages/api/services/contractRenderer.ts","backend","خدمة/منطق عمل","contracts","العقود","المبيعات والزبائن","no","rule",""
"packages/api/services/contractTradein.test.ts","backend","اختبار","contracts","العقود","المبيعات والزبائن","yes","rule",""
"packages/api/services/contractTradein.ts","backend","خدمة/منطق عمل","contracts","العقود","المبيعات والزبائن","no","rule",""
"packages/api/services/customerIdentity/identitySnapshot.test.ts","backend","اختبار","clients","الزبائن","المبيعات والزبائن","yes","rule",""
"packages/api/services/customerIdentity/identitySnapshot.ts","backend","خدمة/منطق عمل","clients","الزبائن","المبيعات والزبائن","no","rule",""
"packages/api/services/customerOwnership.ts","backend","خدمة/منطق عمل","clients","الزبائن","المبيعات والزبائن","no","rule",""
"packages/api/services/deviceClass.test.ts","backend","اختبار","core","البنية الأساسية المشتركة","خارج القائمة","yes","rule",""
"packages/api/services/deviceClass.ts","backend","خدمة/منطق عمل","core","البنية الأساسية المشتركة","خارج القائمة","no","rule",""
"packages/api/services/deviceDeliverySuspension.test.ts","backend","اختبار","post_sale_tasks","تسليم وتركيب وتشغيل وفك الأجهزة","الخدمة الميدانية","yes","rule",""
"packages/api/services/deviceDeliverySuspension.ts","backend","خدمة/منطق عمل","post_sale_tasks","تسليم وتركيب وتشغيل وفك الأجهزة","الخدمة الميدانية","no","rule",""
"packages/api/services/deviceDeliverySuspensionContract.test.ts","backend","اختبار","post_sale_tasks","تسليم وتركيب وتشغيل وفك الأجهزة","الخدمة الميدانية","yes","rule",""
"packages/api/services/deviceModelSalesBranchesService.test.ts","backend","اختبار","devices","الأجهزة وقطع الغيار والأجهزة المركّبة","الأجهزة والمخزون","yes","rule",""
"packages/api/services/deviceModelSalesBranchesService.ts","backend","خدمة/منطق عمل","devices","الأجهزة وقطع الغيار والأجهزة المركّبة","الأجهزة والمخزون","no","rule",""
"packages/api/services/devicePossessionProjection.test.ts","backend","اختبار","devices","الأجهزة وقطع الغيار والأجهزة المركّبة","الأجهزة والمخزون","yes","rule",""
"packages/api/services/devicePossessionProjection.ts","backend","خدمة/منطق عمل","devices","الأجهزة وقطع الغيار والأجهزة المركّبة","الأجهزة والمخزون","no","rule",""
"packages/api/services/deviceScopeService.ts","backend","خدمة/منطق عمل","devices","الأجهزة وقطع الغيار والأجهزة المركّبة","الأجهزة والمخزون","no","rule",""
"packages/api/services/deviceSerialIntegrity.test.ts","backend","اختبار","devices","الأجهزة وقطع الغيار والأجهزة المركّبة","الأجهزة والمخزون","yes","rule",""
"packages/api/services/deviceSerialIntegrity.ts","backend","خدمة/منطق عمل","devices","الأجهزة وقطع الغيار والأجهزة المركّبة","الأجهزة والمخزون","no","rule",""
"packages/api/services/deviceSerialOptionalityContract.test.ts","backend","اختبار","devices","الأجهزة وقطع الغيار والأجهزة المركّبة","الأجهزة والمخزون","yes","rule",""
"packages/api/services/deviceTaskEligibilityGuard.ts","backend","خدمة/منطق عمل","post_sale_tasks","تسليم وتركيب وتشغيل وفك الأجهزة","الخدمة الميدانية","no","rule",""
"packages/api/services/deviceTransferProjection.test.ts","backend","اختبار","devices","الأجهزة وقطع الغيار والأجهزة المركّبة","الأجهزة والمخزون","yes","rule",""
"packages/api/services/emergencyDirectWorkshopRetrieval.test.ts","backend","اختبار","maintenance","الصيانة والأعطال","الخدمة الميدانية","yes","rule",""
"packages/api/services/emergencyDirectWorkshopRetrieval.ts","backend","خدمة/منطق عمل","maintenance","الصيانة والأعطال","الخدمة الميدانية","no","rule",""
"packages/api/services/employeeBranchTransfer.test.ts","backend","اختبار","employees","الموظفون والأقسام","الموارد البشرية","yes","rule",""
"packages/api/services/employeeLookupProjection.test.ts","backend","اختبار","employees","الموظفون والأقسام","الموارد البشرية","yes","rule",""
"packages/api/services/employeeLookupProjection.ts","backend","خدمة/منطق عمل","employees","الموظفون والأقسام","الموارد البشرية","no","rule",""
"packages/api/services/employeeManagerCandidatePolicy.test.ts","backend","اختبار","employees","الموظفون والأقسام","الموارد البشرية","yes","rule",""
"packages/api/services/employeeMediatorReference.ts","backend","خدمة/منطق عمل","employees","الموظفون والأقسام","الموارد البشرية","no","rule",""
"packages/api/services/employeeService.ts","backend","خدمة/منطق عمل","employees","الموظفون والأقسام","الموارد البشرية","no","rule",""
"packages/api/services/employeeSystemAccountErrors.test.ts","backend","اختبار","employees","الموظفون والأقسام","الموارد البشرية","yes","rule",""
"packages/api/services/employeeSystemAccountErrors.ts","backend","خدمة/منطق عمل","employees","الموظفون والأقسام","الموارد البشرية","no","rule",""
"packages/api/services/financialMovements.ts","backend","خدمة/منطق عمل","clients","الزبائن","المبيعات والزبائن","no","rule",""
"packages/api/services/financialMovementsHistoricalBackfill.test.ts","backend","اختبار","clients","الزبائن","المبيعات والزبائن","yes","rule",""
"packages/api/services/geo/administrativeAddress.test.ts","backend","اختبار","geo_routes","المناطق الإدارية وخطوط السير","الإدارة والإعدادات","yes","rule",""
"packages/api/services/geo/administrativeAddress.ts","backend","خدمة/منطق عمل","geo_routes","المناطق الإدارية وخطوط السير","الإدارة والإعدادات","no","rule",""
"packages/api/services/geo/mobileServiceAddress.ts","backend","خدمة/منطق عمل","mobile_app","واجهة تطبيق الزبائن (موبايل) — خادم فقط","خارج القائمة","no","rule",""
"packages/api/services/geo/publicAreaCatalog.test.ts","backend","اختبار","geo_routes","المناطق الإدارية وخطوط السير","الإدارة والإعدادات","yes","rule",""
"packages/api/services/geo/publicAreaCatalog.ts","backend","خدمة/منطق عمل","geo_routes","المناطق الإدارية وخطوط السير","الإدارة والإعدادات","no","rule",""
"packages/api/services/geoScopeService.ts","backend","خدمة/منطق عمل","geo_routes","المناطق الإدارية وخطوط السير","الإدارة والإعدادات","no","rule",""
"packages/api/services/giftDeliveryDecision.test.ts","backend","اختبار","gifts","الهدايا","الهدايا","yes","rule",""
"packages/api/services/giftDeliveryTaskCreation.test.ts","backend","اختبار","gifts","الهدايا","الهدايا","yes","rule",""
"packages/api/services/giftDeliveryTaskCreation.ts","backend","خدمة/منطق عمل","gifts","الهدايا","الهدايا","no","rule",""
"packages/api/services/giftPromises.test.ts","backend","اختبار","gifts","الهدايا","الهدايا","yes","rule",""
"packages/api/services/giftPromises.ts","backend","خدمة/منطق عمل","gifts","الهدايا","الهدايا","no","rule",""
"packages/api/services/goldenWarrantyCardDelivery.test.ts","backend","اختبار","warranty","خدمات الكفالة","الخدمة الميدانية","yes","rule",""
"packages/api/services/goldenWarrantyCardDelivery.ts","backend","خدمة/منطق عمل","warranty","خدمات الكفالة","الخدمة الميدانية","no","rule",""
"packages/api/services/installmentCollectionTasks.ts","backend","خدمة/منطق عمل","collection","تحصيل الذمم","المبيعات والزبائن","no","rule",""
"packages/api/services/interviewService.ts","backend","خدمة/منطق عمل","recruitment","التوظيف (الشواغر، الطلبات، المقابلات، الدورات)","الموارد البشرية","no","rule",""
"packages/api/services/media/mediaAttachments.test.ts","backend","اختبار","core","البنية الأساسية المشتركة","خارج القائمة","yes","rule",""
"packages/api/services/media/mediaAttachments.ts","backend","خدمة/منطق عمل","core","البنية الأساسية المشتركة","خارج القائمة","no","rule",""
"packages/api/services/media/mediaInspect.ts","backend","خدمة/منطق عمل","core","البنية الأساسية المشتركة","خارج القائمة","no","rule",""
"packages/api/services/media/mediaOwnership.ts","backend","خدمة/منطق عمل","core","البنية الأساسية المشتركة","خارج القائمة","no","rule",""
"packages/api/services/media/mediaService.ts","backend","خدمة/منطق عمل","core","البنية الأساسية المشتركة","خارج القائمة","no","rule",""
"packages/api/services/media/mediaStorage.test.ts","backend","اختبار","core","البنية الأساسية المشتركة","خارج القائمة","yes","rule",""
"packages/api/services/media/mediaStorage.ts","backend","خدمة/منطق عمل","core","البنية الأساسية المشتركة","خارج القائمة","no","rule",""
"packages/api/services/openTaskCancellation.test.ts","backend","اختبار","tasks_core","محرك المهام المشترك ومهامي","الخدمة الميدانية","yes","rule",""
"packages/api/services/openTaskCancellation.ts","backend","خدمة/منطق عمل","tasks_core","محرك المهام المشترك ومهامي","الخدمة الميدانية","no","rule",""
"packages/api/services/openTaskClientProjection.test.ts","backend","اختبار","tasks_core","محرك المهام المشترك ومهامي","الخدمة الميدانية","yes","rule",""
"packages/api/services/openTaskClientProjection.ts","backend","خدمة/منطق عمل","tasks_core","محرك المهام المشترك ومهامي","الخدمة الميدانية","no","rule",""
"packages/api/services/openTaskLinkagePolicy.test.ts","backend","اختبار","tasks_core","محرك المهام المشترك ومهامي","الخدمة الميدانية","yes","rule",""
"packages/api/services/openTaskLinkagePolicy.ts","backend","خدمة/منطق عمل","tasks_core","محرك المهام المشترك ومهامي","الخدمة الميدانية","no","rule",""
"packages/api/services/otp/otpSender.ts","backend","خدمة/منطق عمل","mobile_app","واجهة تطبيق الزبائن (موبايل) — خادم فقط","خارج القائمة","no","rule",""
"packages/api/services/otp/otpService.ts","backend","خدمة/منطق عمل","mobile_app","واجهة تطبيق الزبائن (موبايل) — خادم فقط","خارج القائمة","no","rule",""
"packages/api/services/otp/raselOtpSender.killswitch.test.ts","backend","اختبار","mobile_app","واجهة تطبيق الزبائن (موبايل) — خادم فقط","خارج القائمة","yes","rule",""
"packages/api/services/otp/raselOtpSender.test.ts","backend","اختبار","mobile_app","واجهة تطبيق الزبائن (موبايل) — خادم فقط","خارج القائمة","yes","rule",""
"packages/api/services/otp/raselOtpSender.ts","backend","خدمة/منطق عمل","mobile_app","واجهة تطبيق الزبائن (موبايل) — خادم فقط","خارج القائمة","no","rule",""
"packages/api/services/periodicMaintenanceTasks.test.ts","backend","اختبار","service_requests","طلبات الخدمة (عامة، فحص المياه، الأجهزة، الصيانة الدورية، الكفالة الذهبية)","الخدمة الميدانية","yes","rule",""
"packages/api/services/periodicMaintenanceTasks.ts","backend","خدمة/منطق عمل","service_requests","طلبات الخدمة (عامة، فحص المياه، الأجهزة، الصيانة الدورية، الكفالة الذهبية)","الخدمة الميدانية","no","rule",""
"packages/api/services/planningContactTargetScope.integration.test.ts","backend","اختبار","planning","التخطيط والجدولة","الخدمة الميدانية","yes","rule",""
"packages/api/services/planningContactTargetScope.test.ts","backend","اختبار","planning","التخطيط والجدولة","الخدمة الميدانية","yes","rule",""
"packages/api/services/planningContactTargetScope.ts","backend","خدمة/منطق عمل","planning","التخطيط والجدولة","الخدمة الميدانية","no","rule",""
"packages/api/services/planningCurationAuthorization.test.ts","backend","اختبار","planning","التخطيط والجدولة","الخدمة الميدانية","yes","rule",""
"packages/api/services/planningCurationContract.test.ts","backend","اختبار","planning","التخطيط والجدولة","الخدمة الميدانية","yes","rule",""
"packages/api/services/planningDayCycle.contract.test.ts","backend","اختبار","planning","التخطيط والجدولة","الخدمة الميدانية","yes","rule",""
"packages/api/services/planningDayCycle.integration.test.ts","backend","اختبار","planning","التخطيط والجدولة","الخدمة الميدانية","yes","rule",""
"packages/api/services/planningDayCycle.ts","backend","خدمة/منطق عمل","planning","التخطيط والجدولة","الخدمة الميدانية","no","rule",""
"packages/api/services/planningDayTelemarketer.contract.test.ts","backend","اختبار","planning","التخطيط والجدولة","الخدمة الميدانية","yes","rule",""
"packages/api/services/planningMarketingTargets.ts","backend","خدمة/منطق عمل","planning","التخطيط والجدولة","الخدمة الميدانية","no","rule",""
"packages/api/services/planningTaskCuration.ts","backend","خدمة/منطق عمل","planning","التخطيط والجدولة","الخدمة الميدانية","no","rule",""
"packages/api/services/referenceValueService.test.ts","backend","اختبار","system_config","القوائم المرجعية وأنواع المهام وإعدادات النظام","الإدارة والإعدادات","yes","rule",""
"packages/api/services/referenceValueService.ts","backend","خدمة/منطق عمل","system_config","القوائم المرجعية وأنواع المهام وإعدادات النظام","الإدارة والإعدادات","no","rule",""
"packages/api/services/referralGiftPromises.test.ts","backend","اختبار","gifts","الهدايا","الهدايا","yes","rule",""
"packages/api/services/referralGiftPromises.ts","backend","خدمة/منطق عمل","gifts","الهدايا","الهدايا","no","rule",""
"packages/api/services/referralSheetStats.ts","backend","خدمة/منطق عمل","candidates","الأسماء المقترحة وجلسات الترشيح","المبيعات والزبائن","no","rule",""
"packages/api/services/reporting/breakdownCatalog.ts","backend","خدمة/منطق عمل","reports","التقارير","التقارير","no","rule",""
"packages/api/services/reporting/breakdownService.ts","backend","خدمة/منطق عمل","reports","التقارير","التقارير","no","rule",""
"packages/api/services/reporting/customerCallsReport.test.ts","backend","اختبار","reports","التقارير","التقارير","yes","rule",""
"packages/api/services/reporting/customerCallsReport.ts","backend","خدمة/منطق عمل","reports","التقارير","التقارير","no","rule",""
"packages/api/services/reporting/dailyVisitsReport.test.ts","backend","اختبار","reports","التقارير","التقارير","yes","rule",""
"packages/api/services/reporting/dailyVisitsReport.ts","backend","خدمة/منطق عمل","reports","التقارير","التقارير","no","rule",""
"packages/api/services/reporting/dailyWorkSalesFileReport.test.ts","backend","اختبار","reports","التقارير","التقارير","yes","rule",""
"packages/api/services/reporting/dailyWorkSalesFileReport.ts","backend","خدمة/منطق عمل","reports","التقارير","التقارير","no","rule",""
"packages/api/services/reporting/dashboardLayoutPolicy.test.ts","backend","اختبار","dashboard","لوحة المتابعة","الرئيسية","yes","rule",""
"packages/api/services/reporting/dashboardLayoutPolicy.ts","backend","خدمة/منطق عمل","dashboard","لوحة المتابعة","الرئيسية","no","rule",""
"packages/api/services/reporting/departmentResultsReport.test.ts","backend","اختبار","reports","التقارير","التقارير","yes","rule",""
"packages/api/services/reporting/departmentResultsReport.ts","backend","خدمة/منطق عمل","reports","التقارير","التقارير","no","rule",""
"packages/api/services/reporting/deviceFaultsReport.test.ts","backend","اختبار","reports","التقارير","التقارير","yes","rule",""
"packages/api/services/reporting/deviceFaultsReport.ts","backend","خدمة/منطق عمل","reports","التقارير","التقارير","no","rule",""
"packages/api/services/reporting/escalationsReport.test.ts","backend","اختبار","reports","التقارير","التقارير","yes","rule",""
"packages/api/services/reporting/escalationsReport.ts","backend","خدمة/منطق عمل","reports","التقارير","التقارير","no","rule",""
"packages/api/services/reporting/fieldWorkLaterals.ts","backend","خدمة/منطق عمل","reports","التقارير","التقارير","no","rule",""
"packages/api/services/reporting/geographicPortfolioReport.test.ts","backend","اختبار","reports","التقارير","التقارير","yes","rule",""
"packages/api/services/reporting/geographicPortfolioReport.ts","backend","خدمة/منطق عمل","reports","التقارير","التقارير","no","rule",""
"packages/api/services/reporting/goldenWarrantyReport.test.ts","backend","اختبار","reports","التقارير","التقارير","yes","rule",""
"packages/api/services/reporting/goldenWarrantyReport.ts","backend","خدمة/منطق عمل","reports","التقارير","التقارير","no","rule",""
"packages/api/services/reporting/mediatorGiftsReport.test.ts","backend","اختبار","reports","التقارير","التقارير","yes","rule",""
"packages/api/services/reporting/mediatorGiftsReport.ts","backend","خدمة/منطق عمل","reports","التقارير","التقارير","no","rule",""
"packages/api/services/reporting/metricsCatalog.ts","backend","خدمة/منطق عمل","reports","التقارير","التقارير","no","rule",""
"packages/api/services/reporting/metricsService.ts","backend","خدمة/منطق عمل","reports","التقارير","التقارير","no","rule",""
"packages/api/services/reporting/reportEmployeeDimension.test.ts","backend","اختبار","reports","التقارير","التقارير","yes","rule",""
"packages/api/services/reporting/reportEmployeeDimension.ts","backend","خدمة/منطق عمل","reports","التقارير","التقارير","no","rule",""
"packages/api/services/reporting/reportTimeWindows.test.ts","backend","اختبار","reports","التقارير","التقارير","yes","rule",""
"packages/api/services/reporting/reportingError.ts","backend","خدمة/منطق عمل","reports","التقارير","التقارير","no","rule",""
"packages/api/services/reporting/reportingScope.test.ts","backend","اختبار","reports","التقارير","التقارير","yes","rule",""
"packages/api/services/reporting/reportingScope.ts","backend","خدمة/منطق عمل","reports","التقارير","التقارير","no","rule",""
"packages/api/services/reporting/retrievedDevicesReport.test.ts","backend","اختبار","reports","التقارير","التقارير","yes","rule",""
"packages/api/services/reporting/retrievedDevicesReport.ts","backend","خدمة/منطق عمل","reports","التقارير","التقارير","no","rule",""
"packages/api/services/reporting/salesByTypeReport.test.ts","backend","اختبار","reports","التقارير","التقارير","yes","rule",""
"packages/api/services/reporting/salesByTypeReport.ts","backend","خدمة/منطق عمل","reports","التقارير","التقارير","no","rule",""
"packages/api/services/reporting/salesCountReport.test.ts","backend","اختبار","reports","التقارير","التقارير","yes","rule",""
"packages/api/services/reporting/salesCountReport.ts","backend","خدمة/منطق عمل","reports","التقارير","التقارير","no","rule",""
"packages/api/services/reporting/salesFollowUpTasksReport.test.ts","backend","اختبار","reports","التقارير","التقارير","yes","rule",""
"packages/api/services/reporting/salesFollowUpTasksReport.ts","backend","خدمة/منطق عمل","reports","التقارير","التقارير","no","rule",""
"packages/api/services/reporting/serviceDevicesReport.test.ts","backend","اختبار","reports","التقارير","التقارير","yes","rule",""
"packages/api/services/reporting/serviceDevicesReport.ts","backend","خدمة/منطق عمل","reports","التقارير","التقارير","no","rule",""
"packages/api/services/reporting/serviceDuesReport.test.ts","backend","اختبار","reports","التقارير","التقارير","yes","rule",""
"packages/api/services/reporting/serviceDuesReport.ts","backend","خدمة/منطق عمل","reports","التقارير","التقارير","no","rule",""
"packages/api/services/reporting/supervisorWorkReport.test.ts","backend","اختبار","reports","التقارير","التقارير","yes","rule",""
"packages/api/services/reporting/supervisorWorkReport.ts","backend","خدمة/منطق عمل","reports","التقارير","التقارير","no","rule",""
"packages/api/services/reporting/tabularReportAccess.test.ts","backend","اختبار","reports","التقارير","التقارير","yes","rule",""
"packages/api/services/reporting/tabularReportAccess.ts","backend","خدمة/منطق عمل","reports","التقارير","التقارير","no","rule",""
"packages/api/services/reporting/tabularReportCatalog.test.ts","backend","اختبار","reports","التقارير","التقارير","yes","rule",""
"packages/api/services/reporting/tabularReportCatalog.ts","backend","خدمة/منطق عمل","reports","التقارير","التقارير","no","rule",""
"packages/api/services/reporting/tabularReportCleanupJob.test.ts","backend","اختبار","reports","التقارير","التقارير","yes","rule",""
"packages/api/services/reporting/tabularReportCleanupJob.ts","backend","خدمة/منطق عمل","reports","التقارير","التقارير","no","rule",""
"packages/api/services/reporting/tabularReportExcel.test.ts","backend","اختبار","reports","التقارير","التقارير","yes","rule",""
"packages/api/services/reporting/tabularReportExcel.ts","backend","خدمة/منطق عمل","reports","التقارير","التقارير","no","rule",""
"packages/api/services/reporting/tabularReportFilterOptions.test.ts","backend","اختبار","reports","التقارير","التقارير","yes","rule",""
"packages/api/services/reporting/tabularReportFilterOptions.ts","backend","خدمة/منطق عمل","reports","التقارير","التقارير","no","rule",""
"packages/api/services/reporting/tabularReportPagination.test.ts","backend","اختبار","reports","التقارير","التقارير","yes","rule",""
"packages/api/services/reporting/tabularReportService.ts","backend","خدمة/منطق عمل","reports","التقارير","التقارير","no","rule",""
"packages/api/services/reporting/tabularReportSorting.test.ts","backend","اختبار","reports","التقارير","التقارير","yes","rule",""
"packages/api/services/reporting/tabularReportSorting.ts","backend","خدمة/منطق عمل","reports","التقارير","التقارير","no","rule",""
"packages/api/services/reporting/tabularReportWorker.test.ts","backend","اختبار","reports","التقارير","التقارير","yes","rule",""
"packages/api/services/reporting/tabularReportWorker.ts","backend","خدمة/منطق عمل","reports","التقارير","التقارير","no","rule",""
"packages/api/services/reporting/technicianWorkReport.test.ts","backend","اختبار","reports","التقارير","التقارير","yes","rule",""
"packages/api/services/reporting/technicianWorkReport.ts","backend","خدمة/منطق عمل","reports","التقارير","التقارير","no","rule",""
"packages/api/services/reporting/temporaryContractReport.integration.test.ts","backend","اختبار","reports","التقارير","التقارير","yes","rule",""
"packages/api/services/reporting/temporaryContractReport.test.ts","backend","اختبار","reports","التقارير","التقارير","yes","rule",""
"packages/api/services/reporting/temporaryContractReport.ts","backend","خدمة/منطق عمل","reports","التقارير","التقارير","no","rule",""
"packages/api/services/reporting/timeWindow.ts","backend","خدمة/منطق عمل","reports","التقارير","التقارير","no","rule",""
"packages/api/services/reporting/workFilesGeoSupervisorsReport.test.ts","backend","اختبار","reports","التقارير","التقارير","yes","rule",""
"packages/api/services/reporting/workFilesGeoSupervisorsReport.ts","backend","خدمة/منطق عمل","reports","التقارير","التقارير","no","rule",""
"packages/api/services/reporting/workFilesNamesFileReport.test.ts","backend","اختبار","reports","التقارير","التقارير","yes","rule",""
"packages/api/services/reporting/workFilesNamesFileReport.ts","backend","خدمة/منطق عمل","reports","التقارير","التقارير","no","rule",""
"packages/api/services/roleAssignmentGuard.ts","backend","خدمة/منطق عمل","users_roles","المستخدمون والأدوار والصلاحيات","الإدارة والإعدادات","no","rule",""
"packages/api/services/roleManagementService.ts","backend","خدمة/منطق عمل","users_roles","المستخدمون والأدوار والصلاحيات","الإدارة والإعدادات","no","rule",""
"packages/api/services/rolePermissionService.ts","backend","خدمة/منطق عمل","users_roles","المستخدمون والأدوار والصلاحيات","الإدارة والإعدادات","no","rule",""
"packages/api/services/serviceRequests/_shared.ts","backend","خدمة/منطق عمل","service_requests","طلبات الخدمة (عامة، فحص المياه، الأجهزة، الصيانة الدورية، الكفالة الذهبية)","الخدمة الميدانية","no","rule",""
"packages/api/services/serviceRequests/agentLicenseContract.test.ts","backend","اختبار","sales_requests","طلبات ترشيح الأسماء وترخيص الوكلاء","المبيعات والزبائن","yes","rule",""
"packages/api/services/serviceRequests/agentLicenseFormSchema.test.ts","backend","اختبار","sales_requests","طلبات ترشيح الأسماء وترخيص الوكلاء","المبيعات والزبائن","yes","rule",""
"packages/api/services/serviceRequests/agentLicenseFormSchema.ts","backend","خدمة/منطق عمل","sales_requests","طلبات ترشيح الأسماء وترخيص الوكلاء","المبيعات والزبائن","no","rule",""
"packages/api/services/serviceRequests/atomicClientLink.test.ts","backend","اختبار","service_requests","طلبات الخدمة (عامة، فحص المياه، الأجهزة، الصيانة الدورية، الكفالة الذهبية)","الخدمة الميدانية","yes","rule",""
"packages/api/services/serviceRequests/atomicClientLink.ts","backend","خدمة/منطق عمل","service_requests","طلبات الخدمة (عامة، فحص المياه، الأجهزة، الصيانة الدورية، الكفالة الذهبية)","الخدمة الميدانية","no","rule",""
"packages/api/services/serviceRequests/beneficiaryLinkService.test.ts","backend","اختبار","service_requests","طلبات الخدمة (عامة، فحص المياه، الأجهزة، الصيانة الدورية، الكفالة الذهبية)","الخدمة الميدانية","yes","rule",""
"packages/api/services/serviceRequests/beneficiaryLinkService.ts","backend","خدمة/منطق عمل","service_requests","طلبات الخدمة (عامة، فحص المياه، الأجهزة، الصيانة الدورية، الكفالة الذهبية)","الخدمة الميدانية","no","rule",""
"packages/api/services/serviceRequests/branchResolutionService.test.ts","backend","اختبار","service_requests","طلبات الخدمة (عامة، فحص المياه، الأجهزة، الصيانة الدورية، الكفالة الذهبية)","الخدمة الميدانية","yes","rule",""
"packages/api/services/serviceRequests/branchResolutionService.ts","backend","خدمة/منطق عمل","service_requests","طلبات الخدمة (عامة، فحص المياه، الأجهزة، الصيانة الدورية، الكفالة الذهبية)","الخدمة الميدانية","no","rule",""
"packages/api/services/serviceRequests/claimService.ts","backend","خدمة/منطق عمل","service_requests","طلبات الخدمة (عامة، فحص المياه، الأجهزة، الصيانة الدورية، الكفالة الذهبية)","الخدمة الميدانية","no","rule",""
"packages/api/services/serviceRequests/clientRequestHistory.contract.test.ts","backend","اختبار","service_requests","طلبات الخدمة (عامة، فحص المياه، الأجهزة، الصيانة الدورية، الكفالة الذهبية)","الخدمة الميدانية","yes","rule",""
"packages/api/services/serviceRequests/createService.ts","backend","خدمة/منطق عمل","service_requests","طلبات الخدمة (عامة، فحص المياه، الأجهزة، الصيانة الدورية، الكفالة الذهبية)","الخدمة الميدانية","no","rule",""
"packages/api/services/serviceRequests/createServiceBeneficiaryValidation.test.ts","backend","اختبار","service_requests","طلبات الخدمة (عامة، فحص المياه، الأجهزة، الصيانة الدورية، الكفالة الذهبية)","الخدمة الميدانية","yes","rule",""
"packages/api/services/serviceRequests/derivedOutcomeCalc.ts","backend","خدمة/منطق عمل","service_requests","طلبات الخدمة (عامة، فحص المياه، الأجهزة، الصيانة الدورية، الكفالة الذهبية)","الخدمة الميدانية","no","rule",""
"packages/api/services/serviceRequests/deviceRequestContract.test.ts","backend","اختبار","service_requests","طلبات الخدمة (عامة، فحص المياه، الأجهزة، الصيانة الدورية، الكفالة الذهبية)","الخدمة الميدانية","yes","rule",""
"packages/api/services/serviceRequests/deviceRequestFormSchema.test.ts","backend","اختبار","service_requests","طلبات الخدمة (عامة، فحص المياه، الأجهزة، الصيانة الدورية، الكفالة الذهبية)","الخدمة الميدانية","yes","rule",""
"packages/api/services/serviceRequests/deviceRequestFormSchema.ts","backend","خدمة/منطق عمل","service_requests","طلبات الخدمة (عامة، فحص المياه، الأجهزة، الصيانة الدورية، الكفالة الذهبية)","الخدمة الميدانية","no","rule",""
"packages/api/services/serviceRequests/deviceRequestHandoffService.ts","backend","خدمة/منطق عمل","service_requests","طلبات الخدمة (عامة، فحص المياه، الأجهزة، الصيانة الدورية، الكفالة الذهبية)","الخدمة الميدانية","no","rule",""
"packages/api/services/serviceRequests/duplicateDetection.ts","backend","خدمة/منطق عمل","service_requests","طلبات الخدمة (عامة، فحص المياه، الأجهزة، الصيانة الدورية، الكفالة الذهبية)","الخدمة الميدانية","no","rule",""
"packages/api/services/serviceRequests/emergencyMaintenanceContract.test.ts","backend","اختبار","service_requests","طلبات الخدمة (عامة، فحص المياه، الأجهزة، الصيانة الدورية، الكفالة الذهبية)","الخدمة الميدانية","yes","rule",""
"packages/api/services/serviceRequests/emergencyMaintenanceFormSchema.test.ts","backend","اختبار","service_requests","طلبات الخدمة (عامة، فحص المياه، الأجهزة، الصيانة الدورية، الكفالة الذهبية)","الخدمة الميدانية","yes","rule",""
"packages/api/services/serviceRequests/emergencyMaintenanceFormSchema.ts","backend","خدمة/منطق عمل","service_requests","طلبات الخدمة (عامة، فحص المياه، الأجهزة، الصيانة الدورية، الكفالة الذهبية)","الخدمة الميدانية","no","rule",""
"packages/api/services/serviceRequests/escalationLock.test.ts","backend","اختبار","service_requests","طلبات الخدمة (عامة، فحص المياه، الأجهزة، الصيانة الدورية، الكفالة الذهبية)","الخدمة الميدانية","yes","rule",""
"packages/api/services/serviceRequests/fuzzyMatching.ts","backend","خدمة/منطق عمل","service_requests","طلبات الخدمة (عامة، فحص المياه، الأجهزة، الصيانة الدورية، الكفالة الذهبية)","الخدمة الميدانية","no","rule",""
"packages/api/services/serviceRequests/goldenWarrantyContract.test.ts","backend","اختبار","service_requests","طلبات الخدمة (عامة، فحص المياه، الأجهزة، الصيانة الدورية، الكفالة الذهبية)","الخدمة الميدانية","yes","rule",""
"packages/api/services/serviceRequests/goldenWarrantyFormSchema.test.ts","backend","اختبار","service_requests","طلبات الخدمة (عامة، فحص المياه، الأجهزة، الصيانة الدورية، الكفالة الذهبية)","الخدمة الميدانية","yes","rule",""
"packages/api/services/serviceRequests/goldenWarrantyFormSchema.ts","backend","خدمة/منطق عمل","service_requests","طلبات الخدمة (عامة، فحص المياه، الأجهزة، الصيانة الدورية، الكفالة الذهبية)","الخدمة الميدانية","no","rule",""
"packages/api/services/serviceRequests/goldenWarrantyHandoffService.ts","backend","خدمة/منطق عمل","service_requests","طلبات الخدمة (عامة، فحص المياه، الأجهزة، الصيانة الدورية، الكفالة الذهبية)","الخدمة الميدانية","no","rule",""
"packages/api/services/serviceRequests/internalDeviceRequestService.ts","backend","خدمة/منطق عمل","service_requests","طلبات الخدمة (عامة، فحص المياه، الأجهزة، الصيانة الدورية، الكفالة الذهبية)","الخدمة الميدانية","no","rule",""
"packages/api/services/serviceRequests/internalGoldenWarrantyRequest.ts","backend","خدمة/منطق عمل","service_requests","طلبات الخدمة (عامة، فحص المياه، الأجهزة، الصيانة الدورية، الكفالة الذهبية)","الخدمة الميدانية","no","rule",""
"packages/api/services/serviceRequests/internalPeriodicMaintenanceRequest.test.ts","backend","اختبار","service_requests","طلبات الخدمة (عامة، فحص المياه، الأجهزة، الصيانة الدورية، الكفالة الذهبية)","الخدمة الميدانية","yes","rule",""
"packages/api/services/serviceRequests/internalPeriodicMaintenanceRequest.ts","backend","خدمة/منطق عمل","service_requests","طلبات الخدمة (عامة، فحص المياه، الأجهزة، الصيانة الدورية، الكفالة الذهبية)","الخدمة الميدانية","no","rule",""
"packages/api/services/serviceRequests/mobileAgentLicenseIntake.ts","backend","خدمة/منطق عمل","mobile_app","واجهة تطبيق الزبائن (موبايل) — خادم فقط","خارج القائمة","no","rule",""
"packages/api/services/serviceRequests/mobileAttachmentIntake.ts","backend","خدمة/منطق عمل","mobile_app","واجهة تطبيق الزبائن (موبايل) — خادم فقط","خارج القائمة","no","rule",""
"packages/api/services/serviceRequests/mobileDeviceRequestIntake.ts","backend","خدمة/منطق عمل","mobile_app","واجهة تطبيق الزبائن (موبايل) — خادم فقط","خارج القائمة","no","rule",""
"packages/api/services/serviceRequests/mobileEmergencyMaintenanceIntake.ts","backend","خدمة/منطق عمل","mobile_app","واجهة تطبيق الزبائن (موبايل) — خادم فقط","خارج القائمة","no","rule",""
"packages/api/services/serviceRequests/mobileExecutableTypes.ts","backend","خدمة/منطق عمل","mobile_app","واجهة تطبيق الزبائن (موبايل) — خادم فقط","خارج القائمة","no","rule",""
"packages/api/services/serviceRequests/mobileGoldenWarrantyIntake.ts","backend","خدمة/منطق عمل","mobile_app","واجهة تطبيق الزبائن (موبايل) — خادم فقط","خارج القائمة","no","rule",""
"packages/api/services/serviceRequests/mobileIntakeExecution.ts","backend","خدمة/منطق عمل","mobile_app","واجهة تطبيق الزبائن (موبايل) — خادم فقط","خارج القائمة","no","rule",""
"packages/api/services/serviceRequests/mobileIntakeIdentity.test.ts","backend","اختبار","mobile_app","واجهة تطبيق الزبائن (موبايل) — خادم فقط","خارج القائمة","yes","rule",""
"packages/api/services/serviceRequests/mobileIntakeIdentity.ts","backend","خدمة/منطق عمل","mobile_app","واجهة تطبيق الزبائن (موبايل) — خادم فقط","خارج القائمة","no","rule",""
"packages/api/services/serviceRequests/mobileIntakeRegistry.test.ts","backend","اختبار","mobile_app","واجهة تطبيق الزبائن (موبايل) — خادم فقط","خارج القائمة","yes","rule",""
"packages/api/services/serviceRequests/mobileIntakeRegistry.ts","backend","خدمة/منطق عمل","mobile_app","واجهة تطبيق الزبائن (موبايل) — خادم فقط","خارج القائمة","no","rule",""
"packages/api/services/serviceRequests/mobileIntakeThrottle.test.ts","backend","اختبار","mobile_app","واجهة تطبيق الزبائن (موبايل) — خادم فقط","خارج القائمة","yes","rule",""
"packages/api/services/serviceRequests/mobileIntakeThrottle.ts","backend","خدمة/منطق عمل","mobile_app","واجهة تطبيق الزبائن (موبايل) — خادم فقط","خارج القائمة","no","rule",""
"packages/api/services/serviceRequests/mobileNameNominationIntake.ts","backend","خدمة/منطق عمل","mobile_app","واجهة تطبيق الزبائن (موبايل) — خادم فقط","خارج القائمة","no","rule",""
"packages/api/services/serviceRequests/mobilePartyOptionalFieldsContract.test.ts","backend","اختبار","mobile_app","واجهة تطبيق الزبائن (موبايل) — خادم فقط","خارج القائمة","yes","rule",""
"packages/api/services/serviceRequests/mobilePeriodicMaintenanceIntake.ts","backend","خدمة/منطق عمل","mobile_app","واجهة تطبيق الزبائن (موبايل) — خادم فقط","خارج القائمة","no","rule",""
"packages/api/services/serviceRequests/mobileReferrerAddressContract.test.ts","backend","اختبار","mobile_app","واجهة تطبيق الزبائن (موبايل) — خادم فقط","خارج القائمة","yes","rule",""
"packages/api/services/serviceRequests/mobileRequestQuotaSettings.ts","backend","خدمة/منطق عمل","mobile_app","واجهة تطبيق الزبائن (موبايل) — خادم فقط","خارج القائمة","no","rule",""
"packages/api/services/serviceRequests/mobileWaterCheckIntake.test.ts","backend","اختبار","mobile_app","واجهة تطبيق الزبائن (موبايل) — خادم فقط","خارج القائمة","yes","rule",""
"packages/api/services/serviceRequests/mobileWaterCheckIntake.ts","backend","خدمة/منطق عمل","mobile_app","واجهة تطبيق الزبائن (موبايل) — خادم فقط","خارج القائمة","no","rule",""
"packages/api/services/serviceRequests/nameNominationFormSchema.test.ts","backend","اختبار","sales_requests","طلبات ترشيح الأسماء وترخيص الوكلاء","المبيعات والزبائن","yes","rule",""
"packages/api/services/serviceRequests/nameNominationFormSchema.ts","backend","خدمة/منطق عمل","sales_requests","طلبات ترشيح الأسماء وترخيص الوكلاء","المبيعات والزبائن","no","rule",""
"packages/api/services/serviceRequests/nameNominationHandoffService.ts","backend","خدمة/منطق عمل","sales_requests","طلبات ترشيح الأسماء وترخيص الوكلاء","المبيعات والزبائن","no","rule",""
"packages/api/services/serviceRequests/nameNominationV2Contract.test.ts","backend","اختبار","sales_requests","طلبات ترشيح الأسماء وترخيص الوكلاء","المبيعات والزبائن","yes","rule",""
"packages/api/services/serviceRequests/periodicMaintenanceContract.test.ts","backend","اختبار","service_requests","طلبات الخدمة (عامة، فحص المياه، الأجهزة، الصيانة الدورية، الكفالة الذهبية)","الخدمة الميدانية","yes","rule",""
"packages/api/services/serviceRequests/periodicMaintenanceFormSchema.test.ts","backend","اختبار","service_requests","طلبات الخدمة (عامة، فحص المياه، الأجهزة، الصيانة الدورية، الكفالة الذهبية)","الخدمة الميدانية","yes","rule",""
"packages/api/services/serviceRequests/periodicMaintenanceFormSchema.ts","backend","خدمة/منطق عمل","service_requests","طلبات الخدمة (عامة، فحص المياه، الأجهزة، الصيانة الدورية، الكفالة الذهبية)","الخدمة الميدانية","no","rule",""
"packages/api/services/serviceRequests/periodicMaintenanceHandoffService.ts","backend","خدمة/منطق عمل","service_requests","طلبات الخدمة (عامة، فحص المياه، الأجهزة، الصيانة الدورية، الكفالة الذهبية)","الخدمة الميدانية","no","rule",""
"packages/api/services/serviceRequests/problemsService.ts","backend","خدمة/منطق عمل","service_requests","طلبات الخدمة (عامة، فحص المياه، الأجهزة، الصيانة الدورية، الكفالة الذهبية)","الخدمة الميدانية","no","rule",""
"packages/api/services/serviceRequests/promoteService.ts","backend","خدمة/منطق عمل","service_requests","طلبات الخدمة (عامة، فحص المياه، الأجهزة، الصيانة الدورية، الكفالة الذهبية)","الخدمة الميدانية","no","rule",""
"packages/api/services/serviceRequests/referralAttribution.contract.test.ts","backend","اختبار","service_requests","طلبات الخدمة (عامة، فحص المياه، الأجهزة، الصيانة الدورية، الكفالة الذهبية)","الخدمة الميدانية","yes","rule",""
"packages/api/services/serviceRequests/registryVocabulary.test.ts","backend","اختبار","service_requests","طلبات الخدمة (عامة، فحص المياه، الأجهزة، الصيانة الدورية، الكفالة الذهبية)","الخدمة الميدانية","yes","rule",""
"packages/api/services/serviceRequests/reopenService.ts","backend","خدمة/منطق عمل","service_requests","طلبات الخدمة (عامة، فحص المياه، الأجهزة، الصيانة الدورية، الكفالة الذهبية)","الخدمة الميدانية","no","rule",""
"packages/api/services/serviceRequests/serviceRequestPartyDetailsContract.test.ts","backend","اختبار","service_requests","طلبات الخدمة (عامة، فحص المياه، الأجهزة، الصيانة الدورية، الكفالة الذهبية)","الخدمة الميدانية","yes","rule",""
"packages/api/services/serviceRequests/serviceRequestTypeRegistry.ts","backend","خدمة/منطق عمل","service_requests","طلبات الخدمة (عامة، فحص المياه، الأجهزة، الصيانة الدورية، الكفالة الذهبية)","الخدمة الميدانية","no","rule",""
"packages/api/services/serviceRequests/serviceRequestTypeRegistryMigration.test.ts","backend","اختبار","service_requests","طلبات الخدمة (عامة، فحص المياه، الأجهزة، الصيانة الدورية، الكفالة الذهبية)","الخدمة الميدانية","yes","rule",""
"packages/api/services/serviceRequests/stateMachine.ts","backend","خدمة/منطق عمل","service_requests","طلبات الخدمة (عامة، فحص المياه، الأجهزة، الصيانة الدورية، الكفالة الذهبية)","الخدمة الميدانية","no","rule",""
"packages/api/services/serviceRequests/waterCheckFormSchema.test.ts","backend","اختبار","service_requests","طلبات الخدمة (عامة، فحص المياه، الأجهزة، الصيانة الدورية، الكفالة الذهبية)","الخدمة الميدانية","yes","rule",""
"packages/api/services/serviceRequests/waterCheckFormSchema.ts","backend","خدمة/منطق عمل","service_requests","طلبات الخدمة (عامة، فحص المياه، الأجهزة، الصيانة الدورية، الكفالة الذهبية)","الخدمة الميدانية","no","rule",""
"packages/api/services/serviceRequests/waterCheckHandoffService.test.ts","backend","اختبار","service_requests","طلبات الخدمة (عامة، فحص المياه، الأجهزة، الصيانة الدورية، الكفالة الذهبية)","الخدمة الميدانية","yes","rule",""
"packages/api/services/serviceRequests/waterCheckHandoffService.ts","backend","خدمة/منطق عمل","service_requests","طلبات الخدمة (عامة، فحص المياه، الأجهزة، الصيانة الدورية، الكفالة الذهبية)","الخدمة الميدانية","no","rule",""
"packages/api/services/sessionUserService.ts","backend","خدمة/منطق عمل","auth","تسجيل الدخول والجلسة","خارج القائمة","no","rule",""
"packages/api/services/systemSettings.ts","backend","خدمة/منطق عمل","system_config","القوائم المرجعية وأنواع المهام وإعدادات النظام","الإدارة والإعدادات","no","rule",""
"packages/api/services/taskResultEntryPolicy.test.ts","backend","اختبار","tasks_core","محرك المهام المشترك ومهامي","الخدمة الميدانية","yes","rule",""
"packages/api/services/teamPlanningScope.ts","backend","خدمة/منطق عمل","planning","التخطيط والجدولة","الخدمة الميدانية","no","rule",""
"packages/api/services/telemarketingAppointmentSnapshot.test.ts","backend","اختبار","telemarketing","الاتصالات والمواعيد","المبيعات والزبائن","yes","rule",""
"packages/api/services/telemarketingAppointmentSnapshot.ts","backend","خدمة/منطق عمل","telemarketing","الاتصالات والمواعيد","المبيعات والزبائن","no","rule",""
"packages/api/services/telemarketingMembershipScope.contract.test.ts","backend","اختبار","telemarketing","الاتصالات والمواعيد","المبيعات والزبائن","yes","rule",""
"packages/api/services/telemarketingScope.ts","backend","خدمة/منطق عمل","telemarketing","الاتصالات والمواعيد","المبيعات والزبائن","no","rule",""
"packages/api/services/telemarketingTeamAgenda.test.ts","backend","اختبار","telemarketing","الاتصالات والمواعيد","المبيعات والزبائن","yes","rule",""
"packages/api/services/trainingCourseService.ts","backend","خدمة/منطق عمل","recruitment","التوظيف (الشواغر، الطلبات، المقابلات، الدورات)","الموارد البشرية","no","rule",""
"packages/api/services/userBranchAssignmentService.ts","backend","خدمة/منطق عمل","users_roles","المستخدمون والأدوار والصلاحيات","الإدارة والإعدادات","no","rule",""
"packages/api/services/vacancyApplicability.test.ts","backend","اختبار","recruitment","التوظيف (الشواغر، الطلبات، المقابلات، الدورات)","الموارد البشرية","yes","rule",""
"packages/api/services/vacancyApplicability.ts","backend","خدمة/منطق عمل","recruitment","التوظيف (الشواغر، الطلبات، المقابلات، الدورات)","الموارد البشرية","no","rule",""
"packages/api/services/vacancyExpiryJob.test.ts","backend","اختبار","recruitment","التوظيف (الشواغر، الطلبات، المقابلات، الدورات)","الموارد البشرية","yes","rule",""
"packages/api/services/vacancyExpiryJob.ts","backend","خدمة/منطق عمل","recruitment","التوظيف (الشواغر، الطلبات، المقابلات، الدورات)","الموارد البشرية","no","rule",""
"packages/api/services/visitBooking.test.ts","backend","اختبار","field_visits","الزيارات الميدانية وزياراتي","الخدمة الميدانية","yes","rule",""
"packages/api/services/visitBooking.ts","backend","خدمة/منطق عمل","field_visits","الزيارات الميدانية وزياراتي","الخدمة الميدانية","no","rule",""
"packages/api/services/visitBookingContactContext.test.ts","backend","اختبار","field_visits","الزيارات الميدانية وزياراتي","الخدمة الميدانية","yes","rule",""
"packages/api/services/visitClassification.ts","backend","خدمة/منطق عمل","field_visits","الزيارات الميدانية وزياراتي","الخدمة الميدانية","no","rule",""
"packages/api/services/visitCompletion.ts","backend","خدمة/منطق عمل","field_visits","الزيارات الميدانية وزياراتي","الخدمة الميدانية","no","rule",""
"packages/api/services/visitEscalationJob.ts","backend","خدمة/منطق عمل","supervisor_alerts","تنبيهات المتابعة","الرئيسية","no","rule",""
"packages/api/services/visitTaskResultReflection.test.ts","backend","اختبار","field_visits","الزيارات الميدانية وزياراتي","الخدمة الميدانية","yes","rule",""
"packages/api/services/visitTaskResultReflection.ts","backend","خدمة/منطق عمل","field_visits","الزيارات الميدانية وزياراتي","الخدمة الميدانية","no","rule",""
"packages/api/services/webDeviceAccessPolicy.test.ts","backend","اختبار","core","البنية الأساسية المشتركة","خارج القائمة","yes","rule",""
"packages/api/services/webDeviceAccessPolicy.ts","backend","خدمة/منطق عمل","core","البنية الأساسية المشتركة","خارج القائمة","no","rule",""
"packages/api/services/zoneStudy.ts","backend","خدمة/منطق عمل","planning","التخطيط والجدولة","الخدمة الميدانية","no","rule",""
"packages/api/start.ts","backend","بنية/مساعد","core","البنية الأساسية المشتركة","خارج القائمة","no","rule",""
"packages/api/storage/uploader.ts","backend","بنية/مساعد","core","البنية الأساسية المشتركة","خارج القائمة","no","rule",""
"packages/api/swagger.ts","backend","بنية/مساعد","core","البنية الأساسية المشتركة","خارج القائمة","no","rule",""
"packages/api/templates/contracts/sale_definitive.v1.html","backend","قالب","contracts","العقود","المبيعات والزبائن","no","rule",""
"packages/api/templates/contracts/sale_definitive.v2.html","backend","قالب","contracts","العقود","المبيعات والزبائن","no","rule",""
"packages/api/templates/contracts/sale_free.v1.html","backend","قالب","contracts","العقود","المبيعات والزبائن","no","rule",""
"packages/api/templates/contracts/sale_settlement_amendment.v1.html","backend","قالب","contracts","العقود","المبيعات والزبائن","no","rule",""
"packages/api/templates/contracts/sale_temporary.v1.html","backend","قالب","contracts","العقود","المبيعات والزبائن","no","rule",""
"packages/api/trpc/init.ts","backend","tRPC","core","البنية الأساسية المشتركة","خارج القائمة","no","rule",""
"packages/api/trpc/router.ts","backend","tRPC","core","البنية الأساسية المشتركة","خارج القائمة","no","rule",""
"packages/api/trpc/routers/roles.ts","backend","tRPC","users_roles","المستخدمون والأدوار والصلاحيات","الإدارة والإعدادات","no","rule",""
"packages/api/utils/appErrors.test.ts","backend","اختبار","core","البنية الأساسية المشتركة","خارج القائمة","yes","rule",""
"packages/api/utils/appErrors.ts","backend","بنية/مساعد","core","البنية الأساسية المشتركة","خارج القائمة","no","rule",""
"packages/api/utils/applicationHelpers.ts","backend","بنية/مساعد","recruitment","التوظيف (الشواغر، الطلبات، المقابلات، الدورات)","الموارد البشرية","no","rule",""
"packages/api/utils/auditLog.ts","backend","بنية/مساعد","core","البنية الأساسية المشتركة","خارج القائمة","no","rule",""
"packages/api/utils/contactValidation.ts","backend","بنية/مساعد","core","البنية الأساسية المشتركة","خارج القائمة","no","rule",""
"packages/api/utils/phoneSql.ts","backend","بنية/مساعد","core","البنية الأساسية المشتركة","خارج القائمة","no","rule",""
"packages/api/utils/recruitmentPolicy.ts","backend","بنية/مساعد","recruitment","التوظيف (الشواغر، الطلبات، المقابلات، الدورات)","الموارد البشرية","no","rule",""
"packages/api/utils/sanitize.ts","backend","بنية/مساعد","core","البنية الأساسية المشتركة","خارج القائمة","no","rule",""
"packages/shared/appAccounts.ts","shared","نوع/قاعدة مشتركة","account_requests","طلبات إنشاء الحساب","الإدارة والإعدادات","no","rule",""
"packages/shared/complaints.test.ts","shared","اختبار","complaints","الشكاوى","المبيعات والزبائن","yes","rule",""
"packages/shared/complaints.ts","shared","نوع/قاعدة مشتركة","complaints","الشكاوى","المبيعات والزبائن","no","rule",""
"packages/shared/contracts/roles.ts","shared","نوع/قاعدة مشتركة","users_roles","المستخدمون والأدوار والصلاحيات","الإدارة والإعدادات","no","rule",""
"packages/shared/deviceTaskEligibility.test.ts","shared","اختبار","post_sale_tasks","تسليم وتركيب وتشغيل وفك الأجهزة","الخدمة الميدانية","yes","rule",""
"packages/shared/deviceTaskEligibility.ts","shared","نوع/قاعدة مشتركة","post_sale_tasks","تسليم وتركيب وتشغيل وفك الأجهزة","الخدمة الميدانية","no","rule",""
"packages/shared/index.ts","shared","نوع/قاعدة مشتركة","core","البنية الأساسية المشتركة","خارج القائمة","no","rule",""
"packages/shared/membraneEfficiency.test.ts","shared","اختبار","maintenance","الصيانة والأعطال","الخدمة الميدانية","yes","rule",""
"packages/shared/membraneEfficiency.ts","shared","نوع/قاعدة مشتركة","maintenance","الصيانة والأعطال","الخدمة الميدانية","no","rule",""
"packages/shared/taskResultPolicy.test.ts","shared","اختبار","tasks_core","محرك المهام المشترك ومهامي","الخدمة الميدانية","yes","rule",""
"packages/shared/taskResultPolicy.ts","shared","نوع/قاعدة مشتركة","tasks_core","محرك المهام المشترك ومهامي","الخدمة الميدانية","no","rule",""
"packages/shared/telemarketingOutcomes.ts","shared","نوع/قاعدة مشتركة","telemarketing","الاتصالات والمواعيد","المبيعات والزبائن","no","rule",""
"packages/shared/types.ts","shared","نوع/قاعدة مشتركة","core","البنية الأساسية المشتركة","خارج القائمة","no","rule",""
"packages/shared/types/auth.ts","shared","نوع/قاعدة مشتركة","core","البنية الأساسية المشتركة","خارج القائمة","no","rule",""
"packages/shared/types/authorization.ts","shared","نوع/قاعدة مشتركة","core","البنية الأساسية المشتركة","خارج القائمة","no","rule",""
"packages/shared/workCoverage.ts","shared","نوع/قاعدة مشتركة","planning","التخطيط والجدولة","الخدمة الميدانية","no","rule",""
"packages/web/index.html","frontend","مساعد/إعداد","core","البنية الأساسية المشتركة","خارج القائمة","no","rule",""
"packages/web/src/App.branchContext.contract.test.ts","frontend","اختبار","core","البنية الأساسية المشتركة","خارج القائمة","yes","rule",""
"packages/web/src/App.tsx","frontend","مساعد/إعداد","core","البنية الأساسية المشتركة","خارج القائمة","no","rule",""
"packages/web/src/components/AssignAgentModal.tsx","frontend","مكوّن واجهة","clients","الزبائن","المبيعات والزبائن","no","rule",""
"packages/web/src/components/BranchScopeIndicator.tsx","frontend","مكوّن واجهة","core","البنية الأساسية المشتركة","خارج القائمة","no","rule",""
"packages/web/src/components/BranchSwitcher.tsx","frontend","مكوّن واجهة","core","البنية الأساسية المشتركة","خارج القائمة","no","rule",""
"packages/web/src/components/ClientAvatar.tsx","frontend","مكوّن واجهة","clients","الزبائن","المبيعات والزبائن","no","rule",""
"packages/web/src/components/ClientCardPopup.tsx","frontend","مكوّن واجهة","clients","الزبائن","المبيعات والزبائن","no","rule",""
"packages/web/src/components/ClientModal.assignmentNetwork.contract.test.ts","frontend","اختبار","clients","الزبائن","المبيعات والزبائن","yes","rule",""
"packages/web/src/components/ClientModal.candidateAddress.contract.test.ts","frontend","اختبار","clients","الزبائن","المبيعات والزبائن","yes","rule",""
"packages/web/src/components/ClientModal.tsx","frontend","مكوّن واجهة","clients","الزبائن","المبيعات والزبائن","no","rule",""
"packages/web/src/components/ClientSnapshot.tsx","frontend","مكوّن واجهة","clients","الزبائن","المبيعات والزبائن","no","rule",""
"packages/web/src/components/CollectionModal.tsx","frontend","مكوّن واجهة","collection","تحصيل الذمم","المبيعات والزبائن","no","rule",""
"packages/web/src/components/ErrorBoundary.tsx","frontend","مكوّن واجهة","core","البنية الأساسية المشتركة","خارج القائمة","no","rule",""
"packages/web/src/components/FloatingActionButton.tsx","frontend","مكوّن واجهة","core","البنية الأساسية المشتركة","خارج القائمة","no","rule",""
"packages/web/src/components/GeoSmartSearch.tsx","frontend","مكوّن واجهة","core","البنية الأساسية المشتركة","خارج القائمة","no","widely-used","الزبائن، الأسماء المقترحة وجلسات الترشيح، الموظفون والأقسام، الفروع، الشكاوى، العقود، الأجهزة وقطع الغيار والأجهزة المركّبة، التوظيف (الشواغر، الطلبات، المقابلات، الدورات)، التخطيط والجدولة، تسليم وتركيب وتشغيل وفك الأجهزة"
"packages/web/src/components/MapPicker.tsx","frontend","مكوّن واجهة","shared","مشترك بين عدة أقسام","—","no","shared","الزبائن، العقود، الأجهزة وقطع الغيار والأجهزة المركّبة، طلبات الخدمة (عامة، فحص المياه، الأجهزة، الصيانة الدورية، الكفالة الذهبية)، تسليم وتركيب وتشغيل وفك الأجهزة"
"packages/web/src/components/PermissionGate.tsx","frontend","مكوّن واجهة","core","البنية الأساسية المشتركة","خارج القائمة","no","rule",""
"packages/web/src/components/RequireBranchContext.tsx","frontend","مكوّن واجهة","core","البنية الأساسية المشتركة","خارج القائمة","no","rule",""
"packages/web/src/components/SmartTable.layout.test.ts","frontend","اختبار","core","البنية الأساسية المشتركة","خارج القائمة","yes","rule",""
"packages/web/src/components/SmartTable.tsx","frontend","مكوّن واجهة","core","البنية الأساسية المشتركة","خارج القائمة","no","rule",""
"packages/web/src/components/appAccounts/BulkActivateModal.tsx","frontend","مكوّن واجهة","account_requests","طلبات إنشاء الحساب","الإدارة والإعدادات","no","rule",""
"packages/web/src/components/appAccounts/ClientAppAccountCard.tsx","frontend","مكوّن واجهة","account_requests","طلبات إنشاء الحساب","الإدارة والإعدادات","no","rule",""
"packages/web/src/components/candidates/AddCandidateModal.contract.test.ts","frontend","اختبار","candidates","الأسماء المقترحة وجلسات الترشيح","المبيعات والزبائن","yes","rule",""
"packages/web/src/components/candidates/AddCandidateModal.saveGuard.contract.test.ts","frontend","اختبار","candidates","الأسماء المقترحة وجلسات الترشيح","المبيعات والزبائن","yes","rule",""
"packages/web/src/components/candidates/AddCandidateModal.tsx","frontend","مكوّن واجهة","candidates","الأسماء المقترحة وجلسات الترشيح","المبيعات والزبائن","no","rule",""
"packages/web/src/components/candidates/CreateReferralSessionModal.tsx","frontend","مكوّن واجهة","candidates","الأسماء المقترحة وجلسات الترشيح","المبيعات والزبائن","no","rule",""
"packages/web/src/components/candidates/ImportCSVModal.tsx","frontend","مكوّن واجهة","candidates","الأسماء المقترحة وجلسات الترشيح","المبيعات والزبائن","no","rule",""
"packages/web/src/components/candidates/ManualSearchModal.tsx","frontend","مكوّن واجهة","candidates","الأسماء المقترحة وجلسات الترشيح","المبيعات والزبائن","no","rule",""
"packages/web/src/components/candidates/QualificationModal.tsx","frontend","مكوّن واجهة","candidates","الأسماء المقترحة وجلسات الترشيح","المبيعات والزبائن","no","rule",""
"packages/web/src/components/candidates/QualificationRestrictedLead.contract.test.ts","frontend","اختبار","candidates","الأسماء المقترحة وجلسات الترشيح","المبيعات والزبائن","yes","rule",""
"packages/web/src/components/candidates/SessionDetailsModal.contract.test.ts","frontend","اختبار","candidates","الأسماء المقترحة وجلسات الترشيح","المبيعات والزبائن","yes","rule",""
"packages/web/src/components/candidates/SessionDetailsModal.tsx","frontend","مكوّن واجهة","candidates","الأسماء المقترحة وجلسات الترشيح","المبيعات والزبائن","no","rule",""
"packages/web/src/components/clients/ContactControlCard.tsx","frontend","مكوّن واجهة","clients","الزبائن","المبيعات والزبائن","no","rule",""
"packages/web/src/components/clients/DeviceOfferLookupLoadingPolicy.test.ts","frontend","اختبار","clients","الزبائن","المبيعات والزبائن","yes","rule",""
"packages/web/src/components/clients/DeviceOfferModal.tsx","frontend","مكوّن واجهة","clients","الزبائن","المبيعات والزبائن","no","rule",""
"packages/web/src/components/clients/StandaloneDeviceOffersModal.tsx","frontend","مكوّن واجهة","clients","الزبائن","المبيعات والزبائن","no","rule",""
"packages/web/src/components/customers/CustomerCallLog.tsx","frontend","مكوّن واجهة","clients","الزبائن","المبيعات والزبائن","no","rule",""
"packages/web/src/components/customers/MessageReplyOutcomeModal.tsx","frontend","مكوّن واجهة","clients","الزبائن","المبيعات والزبائن","no","rule",""
"packages/web/src/components/customers/PhoneCallLog.tsx","frontend","مكوّن واجهة","clients","الزبائن","المبيعات والزبائن","no","rule",""
"packages/web/src/components/dashboard/BreakdownWidget.tsx","frontend","مكوّن واجهة","dashboard","لوحة المتابعة","الرئيسية","no","rule",""
"packages/web/src/components/dashboard/DashboardCustomizer.tsx","frontend","مكوّن واجهة","dashboard","لوحة المتابعة","الرئيسية","no","rule",""
"packages/web/src/components/dashboard/DonutChart.tsx","frontend","مكوّن واجهة","dashboard","لوحة المتابعة","الرئيسية","no","rule",""
"packages/web/src/components/dashboard/FunnelChart.tsx","frontend","مكوّن واجهة","dashboard","لوحة المتابعة","الرئيسية","no","rule",""
"packages/web/src/components/dashboard/KpiCard.tsx","frontend","مكوّن واجهة","dashboard","لوحة المتابعة","الرئيسية","no","rule",""
"packages/web/src/components/dashboard/MetricWidget.tsx","frontend","مكوّن واجهة","dashboard","لوحة المتابعة","الرئيسية","no","rule",""
"packages/web/src/components/dashboard/RankedBarChart.tsx","frontend","مكوّن واجهة","dashboard","لوحة المتابعة","الرئيسية","no","rule",""
"packages/web/src/components/dashboard/ScopeFilterBar.tsx","frontend","مكوّن واجهة","dashboard","لوحة المتابعة","الرئيسية","no","rule",""
"packages/web/src/components/dashboard/TimelineChart.tsx","frontend","مكوّن واجهة","dashboard","لوحة المتابعة","الرئيسية","no","rule",""
"packages/web/src/components/dashboard/breakdownLabels.ts","frontend","مكوّن واجهة","dashboard","لوحة المتابعة","الرئيسية","no","rule",""
"packages/web/src/components/dashboard/widgetRegistry.ts","frontend","مكوّن واجهة","dashboard","لوحة المتابعة","الرئيسية","no","rule",""
"packages/web/src/components/devices/DevicePossessionTimeline.tsx","frontend","مكوّن واجهة","devices","الأجهزة وقطع الغيار والأجهزة المركّبة","الأجهزة والمخزون","no","rule",""
"packages/web/src/components/devices/DeviceStatusBadge.tsx","frontend","مكوّن واجهة","devices","الأجهزة وقطع الغيار والأجهزة المركّبة","الأجهزة والمخزون","no","rule",""
"packages/web/src/components/devices/PartCard.tsx","frontend","مكوّن واجهة","devices","الأجهزة وقطع الغيار والأجهزة المركّبة","الأجهزة والمخزون","no","rule",""
"packages/web/src/components/devices/PossessionHolderChip.test.ts","frontend","اختبار","devices","الأجهزة وقطع الغيار والأجهزة المركّبة","الأجهزة والمخزون","yes","rule",""
"packages/web/src/components/devices/PossessionHolderChip.tsx","frontend","مكوّن واجهة","devices","الأجهزة وقطع الغيار والأجهزة المركّبة","الأجهزة والمخزون","no","rule",""
"packages/web/src/components/devices/ServiceAgreementForm.tsx","frontend","مكوّن واجهة","contracts","العقود","المبيعات والزبائن","no","rule",""
"packages/web/src/components/devices/TechnicalStateFields.tsx","frontend","مكوّن واجهة","devices","الأجهزة وقطع الغيار والأجهزة المركّبة","الأجهزة والمخزون","no","rule",""
"packages/web/src/components/devices/WarrantyStatusBadge.tsx","frontend","مكوّن واجهة","warranty","خدمات الكفالة","الخدمة الميدانية","no","rule",""
"packages/web/src/components/emergency/EmergencyProblemsSection.tsx","frontend","مكوّن واجهة","maintenance","الصيانة والأعطال","الخدمة الميدانية","no","rule",""
"packages/web/src/components/emergency/EmergencyResultWizard.tsx","frontend","مكوّن واجهة","maintenance","الصيانة والأعطال","الخدمة الميدانية","no","rule",""
"packages/web/src/components/emergency/InstallmentsSchedule.tsx","frontend","مكوّن واجهة","maintenance","الصيانة والأعطال","الخدمة الميدانية","no","rule",""
"packages/web/src/components/emergency/MaintenanceReceiptModal.tsx","frontend","مكوّن واجهة","maintenance","الصيانة والأعطال","الخدمة الميدانية","no","rule",""
"packages/web/src/components/emergency/PaymentEntriesList.tsx","frontend","مكوّن واجهة","maintenance","الصيانة والأعطال","الخدمة الميدانية","no","rule",""
"packages/web/src/components/emergency/result-phases/CostsForm.tsx","frontend","مكوّن واجهة","maintenance","الصيانة والأعطال","الخدمة الميدانية","no","rule",""
"packages/web/src/components/emergency/result-phases/MaintenanceActionsForm.tsx","frontend","مكوّن واجهة","maintenance","الصيانة والأعطال","الخدمة الميدانية","no","rule",""
"packages/web/src/components/emergency/result-phases/TechStateForm.tsx","frontend","مكوّن واجهة","maintenance","الصيانة والأعطال","الخدمة الميدانية","no","rule",""
"packages/web/src/components/employees/EmployeeFormModal.tsx","frontend","مكوّن واجهة","employees","الموظفون والأقسام","الموارد البشرية","no","rule",""
"packages/web/src/components/fieldVisits/InstantVisitModal.contract.test.ts","frontend","اختبار","field_visits","الزيارات الميدانية وزياراتي","الخدمة الميدانية","yes","rule",""
"packages/web/src/components/fieldVisits/InstantVisitModal.tsx","frontend","مكوّن واجهة","field_visits","الزيارات الميدانية وزياراتي","الخدمة الميدانية","no","rule",""
"packages/web/src/components/fieldVisits/PullTaskModal.tsx","frontend","مكوّن واجهة","field_visits","الزيارات الميدانية وزياراتي","الخدمة الميدانية","no","rule",""
"packages/web/src/components/fieldVisits/ReferralSheetModal.tsx","frontend","مكوّن واجهة","field_visits","الزيارات الميدانية وزياراتي","الخدمة الميدانية","no","rule",""
"packages/web/src/components/fieldVisits/VisitReasonModal.tsx","frontend","مكوّن واجهة","field_visits","الزيارات الميدانية وزياراتي","الخدمة الميدانية","no","rule",""
"packages/web/src/components/fieldVisits/VisitSurveyModal.tsx","frontend","مكوّن واجهة","field_visits","الزيارات الميدانية وزياراتي","الخدمة الميدانية","no","rule",""
"packages/web/src/components/fieldVisits/VisitTaskResultModalHost.test.ts","frontend","اختبار","field_visits","الزيارات الميدانية وزياراتي","الخدمة الميدانية","yes","rule",""
"packages/web/src/components/fieldVisits/VisitTaskResultModalHost.tsx","frontend","مكوّن واجهة","field_visits","الزيارات الميدانية وزياراتي","الخدمة الميدانية","no","rule",""
"packages/web/src/components/filters/GeoCascadeFilter.tsx","frontend","مكوّن واجهة","shared","مشترك بين عدة أقسام","—","no","shared","التقارير، إدارة تطبيق الزبائن (البانرات، الإشعارات، الروابط)، الأجهزة وقطع الغيار والأجهزة المركّبة"
"packages/web/src/components/geo/GeoPathDisplay.tsx","frontend","مكوّن واجهة","geo_routes","المناطق الإدارية وخطوط السير","الإدارة والإعدادات","no","rule",""
"packages/web/src/components/gifts/GiftDefinitionsPanel.tsx","frontend","مكوّن واجهة","gifts","الهدايا","الهدايا","no","rule",""
"packages/web/src/components/gifts/GiftPromiseInlinePanel.contract.test.ts","frontend","اختبار","gifts","الهدايا","الهدايا","yes","rule",""
"packages/web/src/components/gifts/GiftPromiseInlinePanel.tsx","frontend","مكوّن واجهة","gifts","الهدايا","الهدايا","no","rule",""
"packages/web/src/components/gifts/GiftRecordActions.layout.test.ts","frontend","اختبار","gifts","الهدايا","الهدايا","yes","rule",""
"packages/web/src/components/gifts/GiftRecordActions.tsx","frontend","مكوّن واجهة","gifts","الهدايا","الهدايا","no","rule",""
"packages/web/src/components/gifts/GiftRecordsTable.tsx","frontend","مكوّن واجهة","gifts","الهدايا","الهدايا","no","rule",""
"packages/web/src/components/gifts/ReferralGiftPromisesPanel.contract.test.ts","frontend","اختبار","gifts","الهدايا","الهدايا","yes","rule",""
"packages/web/src/components/gifts/ReferralGiftPromisesPanel.tsx","frontend","مكوّن واجهة","gifts","الهدايا","الهدايا","no","rule",""
"packages/web/src/components/marketing-visits/MarketingVisitOutcomeModal.tsx","frontend","مكوّن واجهة","field_visits","الزيارات الميدانية وزياراتي","الخدمة الميدانية","no","rule",""
"packages/web/src/components/preOffers/OutcomeChip.tsx","frontend","مكوّن واجهة","clients","الزبائن","المبيعات والزبائن","no","rule",""
"packages/web/src/components/requests/RequestDetailLayout.tsx","frontend","مكوّن واجهة","service_requests","طلبات الخدمة (عامة، فحص المياه، الأجهزة، الصيانة الدورية، الكفالة الذهبية)","الخدمة الميدانية","no","rule",""
"packages/web/src/components/requests/RequestsListView.tsx","frontend","مكوّن واجهة","service_requests","طلبات الخدمة (عامة، فحص المياه، الأجهزة، الصيانة الدورية، الكفالة الذهبية)","الخدمة الميدانية","no","rule",""
"packages/web/src/components/service-requests/AgentLicensePanel.tsx","frontend","مكوّن واجهة","sales_requests","طلبات ترشيح الأسماء وترخيص الوكلاء","المبيعات والزبائن","no","rule",""
"packages/web/src/components/service-requests/AuditLogTimeline.tsx","frontend","مكوّن واجهة","service_requests","طلبات الخدمة (عامة، فحص المياه، الأجهزة، الصيانة الدورية، الكفالة الذهبية)","الخدمة الميدانية","no","rule",""
"packages/web/src/components/service-requests/DeviceRequestPanel.tsx","frontend","مكوّن واجهة","service_requests","طلبات الخدمة (عامة، فحص المياه، الأجهزة، الصيانة الدورية، الكفالة الذهبية)","الخدمة الميدانية","no","rule",""
"packages/web/src/components/service-requests/MergeOrSplitModal.tsx","frontend","مكوّن واجهة","service_requests","طلبات الخدمة (عامة، فحص المياه، الأجهزة، الصيانة الدورية، الكفالة الذهبية)","الخدمة الميدانية","no","rule",""
"packages/web/src/components/service-requests/NameNominationPanel.tsx","frontend","مكوّن واجهة","sales_requests","طلبات ترشيح الأسماء وترخيص الوكلاء","المبيعات والزبائن","no","rule",""
"packages/web/src/components/service-requests/NewServiceRequestModal.tsx","frontend","مكوّن واجهة","service_requests","طلبات الخدمة (عامة، فحص المياه، الأجهزة، الصيانة الدورية، الكفالة الذهبية)","الخدمة الميدانية","no","rule",""
"packages/web/src/components/service-requests/ProblemsList.tsx","frontend","مكوّن واجهة","service_requests","طلبات الخدمة (عامة، فحص المياه، الأجهزة، الصيانة الدورية، الكفالة الذهبية)","الخدمة الميدانية","no","rule",""
"packages/web/src/components/service-requests/RequestActionConfirmModal.tsx","frontend","مكوّن واجهة","service_requests","طلبات الخدمة (عامة، فحص المياه، الأجهزة، الصيانة الدورية، الكفالة الذهبية)","الخدمة الميدانية","no","rule",""
"packages/web/src/components/service-requests/RequestHandoffReadiness.tsx","frontend","مكوّن واجهة","service_requests","طلبات الخدمة (عامة، فحص المياه، الأجهزة، الصيانة الدورية، الكفالة الذهبية)","الخدمة الميدانية","no","rule",""
"packages/web/src/components/service-requests/RequestOverviewSummary.tsx","frontend","مكوّن واجهة","service_requests","طلبات الخدمة (عامة، فحص المياه، الأجهزة، الصيانة الدورية، الكفالة الذهبية)","الخدمة الميدانية","no","rule",""
"packages/web/src/components/service-requests/SuggestedMatchesPanel.tsx","frontend","مكوّن واجهة","service_requests","طلبات الخدمة (عامة، فحص المياه، الأجهزة، الصيانة الدورية، الكفالة الذهبية)","الخدمة الميدانية","no","rule",""
"packages/web/src/components/service-requests/TerminalTransitionModal.tsx","frontend","مكوّن واجهة","service_requests","طلبات الخدمة (عامة، فحص المياه، الأجهزة، الصيانة الدورية، الكفالة الذهبية)","الخدمة الميدانية","no","rule",""
"packages/web/src/components/service-requests/WaterCheckRequestDetailPanel.tsx","frontend","مكوّن واجهة","service_requests","طلبات الخدمة (عامة، فحص المياه، الأجهزة، الصيانة الدورية، الكفالة الذهبية)","الخدمة الميدانية","no","rule",""
"packages/web/src/components/supervisor/AttemptAlertsCard.tsx","frontend","مكوّن واجهة","supervisor_alerts","تنبيهات المتابعة","الرئيسية","no","rule",""
"packages/web/src/components/tableExport.test.ts","frontend","اختبار","core","البنية الأساسية المشتركة","خارج القائمة","yes","rule",""
"packages/web/src/components/tableExport.ts","frontend","مكوّن واجهة","core","البنية الأساسية المشتركة","خارج القائمة","no","rule",""
"packages/web/src/components/tasks/CancelOpenTaskModal.tsx","frontend","مكوّن واجهة","tasks_core","محرك المهام المشترك ومهامي","الخدمة الميدانية","no","rule",""
"packages/web/src/components/tasks/TaskDetailLayout.tsx","frontend","مكوّن واجهة","tasks_core","محرك المهام المشترك ومهامي","الخدمة الميدانية","no","rule",""
"packages/web/src/components/tasks/TaskHeader.tsx","frontend","مكوّن واجهة","tasks_core","محرك المهام المشترك ومهامي","الخدمة الميدانية","no","rule",""
"packages/web/src/components/tasks/TaskResultEntryPolicy.test.ts","frontend","اختبار","tasks_core","محرك المهام المشترك ومهامي","الخدمة الميدانية","yes","rule",""
"packages/web/src/components/tasks/cards/TaskCreationCard.tsx","frontend","مكوّن واجهة","tasks_core","محرك المهام المشترك ومهامي","الخدمة الميدانية","no","rule",""
"packages/web/src/components/tasks/cards/TaskHeroSummary.tsx","frontend","مكوّن واجهة","tasks_core","محرك المهام المشترك ومهامي","الخدمة الميدانية","no","rule",""
"packages/web/src/components/tasks/cards/TaskQuickStatsCard.tsx","frontend","مكوّن واجهة","tasks_core","محرك المهام المشترك ومهامي","الخدمة الميدانية","no","rule",""
"packages/web/src/components/tasks/cards/TaskScheduleCard.tsx","frontend","مكوّن واجهة","tasks_core","محرك المهام المشترك ومهامي","الخدمة الميدانية","no","rule",""
"packages/web/src/components/tasks/cards/TaskSummaryCard.tsx","frontend","مكوّن واجهة","tasks_core","محرك المهام المشترك ومهامي","الخدمة الميدانية","no","rule",""
"packages/web/src/components/tasks/shared.tsx","frontend","مكوّن واجهة","tasks_core","محرك المهام المشترك ومهامي","الخدمة الميدانية","no","rule",""
"packages/web/src/components/tasks/tabs/TaskClientTab.tsx","frontend","مكوّن واجهة","tasks_core","محرك المهام المشترك ومهامي","الخدمة الميدانية","no","rule",""
"packages/web/src/components/tasks/tabs/TaskCommunicationOnlyTab.tsx","frontend","مكوّن واجهة","tasks_core","محرك المهام المشترك ومهامي","الخدمة الميدانية","no","rule",""
"packages/web/src/components/tasks/tabs/TaskContractTab.tsx","frontend","مكوّن واجهة","tasks_core","محرك المهام المشترك ومهامي","الخدمة الميدانية","no","rule",""
"packages/web/src/components/tasks/tabs/TaskOverviewTab.tsx","frontend","مكوّن واجهة","tasks_core","محرك المهام المشترك ومهامي","الخدمة الميدانية","no","rule",""
"packages/web/src/components/tasks/tabs/TaskResultTab.tsx","frontend","مكوّن واجهة","tasks_core","محرك المهام المشترك ومهامي","الخدمة الميدانية","no","rule",""
"packages/web/src/components/tasks/types.ts","frontend","مكوّن واجهة","tasks_core","محرك المهام المشترك ومهامي","الخدمة الميدانية","no","rule",""
"packages/web/src/components/telemarketing/AppointmentSchedulerModal.tsx","frontend","مكوّن واجهة","telemarketing","الاتصالات والمواعيد","المبيعات والزبائن","no","rule",""
"packages/web/src/components/telemarketing/AppointmentsWorkspacePanel.tsx","frontend","مكوّن واجهة","telemarketing","الاتصالات والمواعيد","المبيعات والزبائن","no","rule",""
"packages/web/src/components/telemarketing/CustomerQueueCard.tsx","frontend","مكوّن واجهة","telemarketing","الاتصالات والمواعيد","المبيعات والزبائن","no","rule",""
"packages/web/src/components/telemarketing/CustomerQueueFilters.tsx","frontend","مكوّن واجهة","telemarketing","الاتصالات والمواعيد","المبيعات والزبائن","no","rule",""
"packages/web/src/components/telemarketing/OutcomeRecorderModal.test.ts","frontend","اختبار","telemarketing","الاتصالات والمواعيد","المبيعات والزبائن","yes","rule",""
"packages/web/src/components/telemarketing/OutcomeRecorderModal.tsx","frontend","مكوّن واجهة","telemarketing","الاتصالات والمواعيد","المبيعات والزبائن","no","rule",""
"packages/web/src/components/telemarketing/TeamAgendaPanel.test.ts","frontend","اختبار","telemarketing","الاتصالات والمواعيد","المبيعات والزبائن","yes","rule",""
"packages/web/src/components/telemarketing/TeamAgendaPanel.tsx","frontend","مكوّن واجهة","telemarketing","الاتصالات والمواعيد","المبيعات والزبائن","no","rule",""
"packages/web/src/components/telemarketing/VisitTimePicker.test.ts","frontend","اختبار","telemarketing","الاتصالات والمواعيد","المبيعات والزبائن","yes","rule",""
"packages/web/src/components/telemarketing/VisitTimePicker.tsx","frontend","مكوّن واجهة","telemarketing","الاتصالات والمواعيد","المبيعات والزبائن","no","rule",""
"packages/web/src/components/telemarketing/outcomeSaveError.ts","frontend","مكوّن واجهة","telemarketing","الاتصالات والمواعيد","المبيعات والزبائن","no","rule",""
"packages/web/src/components/ui/Badge.tsx","frontend","مكوّن واجهة","core","البنية الأساسية المشتركة","خارج القائمة","no","rule",""
"packages/web/src/components/ui/Button.tsx","frontend","مكوّن واجهة","core","البنية الأساسية المشتركة","خارج القائمة","no","rule",""
"packages/web/src/components/ui/Card.tsx","frontend","مكوّن واجهة","core","البنية الأساسية المشتركة","خارج القائمة","no","rule",""
"packages/web/src/components/ui/Checkbox.tsx","frontend","مكوّن واجهة","core","البنية الأساسية المشتركة","خارج القائمة","no","rule",""
"packages/web/src/components/ui/DataTable.tsx","frontend","مكوّن واجهة","core","البنية الأساسية المشتركة","خارج القائمة","no","rule",""
"packages/web/src/components/ui/DateField.tsx","frontend","مكوّن واجهة","core","البنية الأساسية المشتركة","خارج القائمة","no","rule",""
"packages/web/src/components/ui/DatePicker.tsx","frontend","مكوّن واجهة","core","البنية الأساسية المشتركة","خارج القائمة","no","rule",""
"packages/web/src/components/ui/IconButton.tsx","frontend","مكوّن واجهة","core","البنية الأساسية المشتركة","خارج القائمة","no","rule",""
"packages/web/src/components/ui/Input.tsx","frontend","مكوّن واجهة","core","البنية الأساسية المشتركة","خارج القائمة","no","rule",""
"packages/web/src/components/ui/Modal.tsx","frontend","مكوّن واجهة","core","البنية الأساسية المشتركة","خارج القائمة","no","rule",""
"packages/web/src/components/ui/PageHeader.tsx","frontend","مكوّن واجهة","core","البنية الأساسية المشتركة","خارج القائمة","no","rule",""
"packages/web/src/components/ui/ProfileBreadcrumbBar.tsx","frontend","مكوّن واجهة","core","البنية الأساسية المشتركة","خارج القائمة","no","rule",""
"packages/web/src/components/ui/ProfileTabsBar.tsx","frontend","مكوّن واجهة","core","البنية الأساسية المشتركة","خارج القائمة","no","rule",""
"packages/web/src/components/ui/Select.tsx","frontend","مكوّن واجهة","core","البنية الأساسية المشتركة","خارج القائمة","no","rule",""
"packages/web/src/components/ui/Tabs.tsx","frontend","مكوّن واجهة","core","البنية الأساسية المشتركة","خارج القائمة","no","rule",""
"packages/web/src/components/ui/Toggle.tsx","frontend","مكوّن واجهة","core","البنية الأساسية المشتركة","خارج القائمة","no","rule",""
"packages/web/src/components/ui/icons.ts","frontend","مكوّن واجهة","core","البنية الأساسية المشتركة","خارج القائمة","no","rule",""
"packages/web/src/components/warranty/WarrantyPaymentEntries.tsx","frontend","مكوّن واجهة","warranty","خدمات الكفالة","الخدمة الميدانية","no","rule",""
"packages/web/src/data/gifts.ts","frontend","مساعد/إعداد","gifts","الهدايا","الهدايا","no","rule",""
"packages/web/src/hooks/useApplicationListStore.ts","frontend","حالة (store/hook)","recruitment","التوظيف (الشواغر، الطلبات، المقابلات، الدورات)","الموارد البشرية","no","rule",""
"packages/web/src/hooks/useAuthStore.ts","frontend","حالة (store/hook)","auth","تسجيل الدخول والجلسة","خارج القائمة","no","rule",""
"packages/web/src/hooks/useBranchContextStore.ts","frontend","حالة (store/hook)","core","البنية الأساسية المشتركة","خارج القائمة","no","rule",""
"packages/web/src/hooks/useBranchListScope.ts","frontend","حالة (store/hook)","core","البنية الأساسية المشتركة","خارج القائمة","no","rule",""
"packages/web/src/hooks/useBranchStore.ts","frontend","حالة (store/hook)","core","البنية الأساسية المشتركة","خارج القائمة","no","rule",""
"packages/web/src/hooks/useCandidateStore.contract.test.ts","frontend","اختبار","candidates","الأسماء المقترحة وجلسات الترشيح","المبيعات والزبائن","yes","rule",""
"packages/web/src/hooks/useCandidateStore.ts","frontend","حالة (store/hook)","candidates","الأسماء المقترحة وجلسات الترشيح","المبيعات والزبائن","no","rule",""
"packages/web/src/hooks/useClientStore.ts","frontend","حالة (store/hook)","clients","الزبائن","المبيعات والزبائن","no","rule",""
"packages/web/src/hooks/useCollectionStore.ts","frontend","حالة (store/hook)","collection","تحصيل الذمم","المبيعات والزبائن","no","rule",""
"packages/web/src/hooks/useContractPrintable.ts","frontend","حالة (store/hook)","contracts","العقود","المبيعات والزبائن","no","rule",""
"packages/web/src/hooks/useInterviewStore.ts","frontend","حالة (store/hook)","recruitment","التوظيف (الشواغر، الطلبات، المقابلات، الدورات)","الموارد البشرية","no","rule",""
"packages/web/src/hooks/useOpenTaskStore.ts","frontend","حالة (store/hook)","tasks_core","محرك المهام المشترك ومهامي","الخدمة الميدانية","no","rule",""
"packages/web/src/hooks/usePermissions.ts","frontend","حالة (store/hook)","core","البنية الأساسية المشتركة","خارج القائمة","no","rule",""
"packages/web/src/hooks/useRoleStore.ts","frontend","حالة (store/hook)","users_roles","المستخدمون والأدوار والصلاحيات","الإدارة والإعدادات","no","rule",""
"packages/web/src/hooks/useSystemList.ts","frontend","حالة (store/hook)","system_config","القوائم المرجعية وأنواع المهام وإعدادات النظام","الإدارة والإعدادات","no","rule",""
"packages/web/src/hooks/useSystemListItems.ts","frontend","حالة (store/hook)","system_config","القوائم المرجعية وأنواع المهام وإعدادات النظام","الإدارة والإعدادات","no","rule",""
"packages/web/src/hooks/useSystemLists.ts","frontend","حالة (store/hook)","system_config","القوائم المرجعية وأنواع المهام وإعدادات النظام","الإدارة والإعدادات","no","rule",""
"packages/web/src/hooks/useTelemarketingStore.ts","frontend","حالة (store/hook)","telemarketing","الاتصالات والمواعيد","المبيعات والزبائن","no","rule",""
"packages/web/src/hooks/useTrainingStore.ts","frontend","حالة (store/hook)","recruitment","التوظيف (الشواغر، الطلبات، المقابلات، الدورات)","الموارد البشرية","no","rule",""
"packages/web/src/hooks/useVacancyStore.ts","frontend","حالة (store/hook)","recruitment","التوظيف (الشواغر، الطلبات، المقابلات، الدورات)","الموارد البشرية","no","rule",""
"packages/web/src/index.css","frontend","مساعد/إعداد","core","البنية الأساسية المشتركة","خارج القائمة","no","rule",""
"packages/web/src/layout/MainLayout.navigation.contract.test.ts","frontend","اختبار","core","البنية الأساسية المشتركة","خارج القائمة","yes","rule",""
"packages/web/src/layout/MainLayout.tsx","frontend","مساعد/إعداد","core","البنية الأساسية المشتركة","خارج القائمة","no","rule",""
"packages/web/src/lib/api.ts","frontend","مساعد/إعداد","core","البنية الأساسية المشتركة","خارج القائمة","no","rule",""
"packages/web/src/lib/applicationState.ts","frontend","مساعد/إعداد","recruitment","التوظيف (الشواغر، الطلبات، المقابلات، الدورات)","الموارد البشرية","no","rule",""
"packages/web/src/lib/authFetch.ts","frontend","مساعد/إعداد","core","البنية الأساسية المشتركة","خارج القائمة","no","rule",""
"packages/web/src/lib/branchContext.ts","frontend","مساعد/إعداد","core","البنية الأساسية المشتركة","خارج القائمة","no","rule",""
"packages/web/src/lib/branchScope.ts","frontend","مساعد/إعداد","core","البنية الأساسية المشتركة","خارج القائمة","no","rule",""
"packages/web/src/lib/callDateTime.test.ts","frontend","اختبار","shared","مشترك بين عدة أقسام","—","yes","test-subject","الزبائن، الاتصالات والمواعيد"
"packages/web/src/lib/callDateTime.ts","frontend","مساعد/إعداد","shared","مشترك بين عدة أقسام","—","no","shared","الزبائن، الاتصالات والمواعيد"
"packages/web/src/lib/contactRules.ts","frontend","مساعد/إعداد","shared","مشترك بين عدة أقسام","—","no","shared","الزبائن، الأسماء المقترحة وجلسات الترشيح، الموظفون والأقسام، الاتصالات والمواعيد، التوظيف (الشواغر، الطلبات، المقابلات، الدورات)"
"packages/web/src/lib/contactUtils.ts","frontend","مساعد/إعداد","telemarketing","الاتصالات والمواعيد","المبيعات والزبائن","no","usage",""
"packages/web/src/lib/createFetchStore.ts","frontend","مساعد/إعداد","core","البنية الأساسية المشتركة","خارج القائمة","no","rule",""
"packages/web/src/lib/createFilterStore.ts","frontend","مساعد/إعداد","core","البنية الأساسية المشتركة","خارج القائمة","no","rule",""
"packages/web/src/lib/deviceClass.ts","frontend","مساعد/إعداد","core","البنية الأساسية المشتركة","خارج القائمة","no","rule",""
"packages/web/src/lib/employeeMediatorLookup.test.ts","frontend","اختبار","employees","الموظفون والأقسام","الموارد البشرية","yes","rule",""
"packages/web/src/lib/employeeMediatorLookup.ts","frontend","مساعد/إعداد","employees","الموظفون والأقسام","الموارد البشرية","no","rule",""
"packages/web/src/lib/fieldVisitPermissionPolicy.test.ts","frontend","اختبار","field_visits","الزيارات الميدانية وزياراتي","الخدمة الميدانية","yes","rule",""
"packages/web/src/lib/fieldVisitPermissionPolicy.ts","frontend","مساعد/إعداد","field_visits","الزيارات الميدانية وزياراتي","الخدمة الميدانية","no","rule",""
"packages/web/src/lib/geoConstants.ts","frontend","مساعد/إعداد","geo_routes","المناطق الإدارية وخطوط السير","الإدارة والإعدادات","no","usage",""
"packages/web/src/lib/geoPath.ts","frontend","مساعد/إعداد","shared","مشترك بين عدة أقسام","—","no","shared","المناطق الإدارية وخطوط السير، الزبائن"
"packages/web/src/lib/geoUnitsCache.ts","frontend","مساعد/إعداد","shared","مشترك بين عدة أقسام","—","no","shared","المناطق الإدارية وخطوط السير، محرك المهام المشترك ومهامي، الزبائن"
"packages/web/src/lib/hiddenFeatures.ts","frontend","مساعد/إعداد","core","البنية الأساسية المشتركة","خارج القائمة","no","rule",""
"packages/web/src/lib/jobMatch.ts","frontend","مساعد/إعداد","recruitment","التوظيف (الشواغر، الطلبات، المقابلات، الدورات)","الموارد البشرية","no","rule",""
"packages/web/src/lib/permissionDisplay.test.ts","frontend","اختبار","users_roles","المستخدمون والأدوار والصلاحيات","الإدارة والإعدادات","yes","rule",""
"packages/web/src/lib/permissionDisplay.ts","frontend","مساعد/إعداد","users_roles","المستخدمون والأدوار والصلاحيات","الإدارة والإعدادات","no","rule",""
"packages/web/src/lib/reportFilterOptions.test.ts","frontend","اختبار","reports","التقارير","التقارير","yes","rule",""
"packages/web/src/lib/reportFilterOptions.ts","frontend","مساعد/إعداد","reports","التقارير","التقارير","no","rule",""
"packages/web/src/lib/reportValues.test.ts","frontend","اختبار","reports","التقارير","التقارير","yes","rule",""
"packages/web/src/lib/reportValues.ts","frontend","مساعد/إعداد","reports","التقارير","التقارير","no","rule",""
"packages/web/src/lib/serviceRequestDisplay.test.ts","frontend","اختبار","service_requests","طلبات الخدمة (عامة، فحص المياه، الأجهزة، الصيانة الدورية، الكفالة الذهبية)","الخدمة الميدانية","yes","rule",""
"packages/web/src/lib/serviceRequestDisplay.ts","frontend","مساعد/إعداد","service_requests","طلبات الخدمة (عامة، فحص المياه، الأجهزة، الصيانة الدورية، الكفالة الذهبية)","الخدمة الميدانية","no","rule",""
"packages/web/src/lib/taskDateStatus.ts","frontend","مساعد/إعداد","tasks_core","محرك المهام المشترك ومهامي","الخدمة الميدانية","no","rule",""
"packages/web/src/lib/taskDecisionLabels.test.ts","frontend","اختبار","tasks_core","محرك المهام المشترك ومهامي","الخدمة الميدانية","yes","rule",""
"packages/web/src/lib/taskDecisionLabels.ts","frontend","مساعد/إعداد","tasks_core","محرك المهام المشترك ومهامي","الخدمة الميدانية","no","rule",""
"packages/web/src/lib/taskRoutes.ts","frontend","مساعد/إعداد","tasks_core","محرك المهام المشترك ومهامي","الخدمة الميدانية","no","rule",""
"packages/web/src/lib/trpc-contract.ts","frontend","مساعد/إعداد","core","البنية الأساسية المشتركة","خارج القائمة","no","rule",""
"packages/web/src/lib/trpc.ts","frontend","مساعد/إعداد","core","البنية الأساسية المشتركة","خارج القائمة","no","rule",""
"packages/web/src/lib/types.ts","frontend","مساعد/إعداد","core","البنية الأساسية المشتركة","خارج القائمة","no","rule",""
"packages/web/src/lib/uiId.test.ts","frontend","اختبار","core","البنية الأساسية المشتركة","خارج القائمة","yes","rule",""
"packages/web/src/lib/uiId.ts","frontend","مساعد/إعداد","core","البنية الأساسية المشتركة","خارج القائمة","no","rule",""
"packages/web/src/lib/uploadFile.ts","frontend","مساعد/إعداد","core","البنية الأساسية المشتركة","خارج القائمة","no","rule",""
"packages/web/src/lib/uploadMedia.ts","frontend","مساعد/إعداد","core","البنية الأساسية المشتركة","خارج القائمة","no","rule",""
"packages/web/src/main.tsx","frontend","مساعد/إعداد","core","البنية الأساسية المشتركة","خارج القائمة","no","rule",""
"packages/web/src/pages/Branches.tsx","frontend","صفحة","branches","الفروع","الإدارة والإعدادات","no","rule",""
"packages/web/src/pages/ClientProfile.networkError.contract.test.ts","frontend","اختبار","clients","الزبائن","المبيعات والزبائن","yes","rule",""
"packages/web/src/pages/ClientProfile.tsx","frontend","صفحة","clients","الزبائن","المبيعات والزبائن","no","rule",""
"packages/web/src/pages/Clients.addressFallback.contract.test.ts","frontend","اختبار","clients","الزبائن","المبيعات والزبائن","yes","rule",""
"packages/web/src/pages/Clients.tsx","frontend","صفحة","clients","الزبائن","المبيعات والزبائن","no","rule",""
"packages/web/src/pages/ClientsBulkActivationPolicy.test.ts","frontend","اختبار","clients","الزبائن","المبيعات والزبائن","yes","rule",""
"packages/web/src/pages/ClientsDeletePolicy.test.ts","frontend","اختبار","clients","الزبائن","المبيعات والزبائن","yes","rule",""
"packages/web/src/pages/ClientsFilterLoadingPolicy.test.ts","frontend","اختبار","clients","الزبائن","المبيعات والزبائن","yes","rule",""
"packages/web/src/pages/Dashboard.personalization.contract.test.ts","frontend","اختبار","dashboard","لوحة المتابعة","الرئيسية","yes","rule",""
"packages/web/src/pages/Dashboard.tsx","frontend","صفحة","dashboard","لوحة المتابعة","الرئيسية","no","rule",""
"packages/web/src/pages/Departments.tsx","frontend","صفحة","employees","الموظفون والأقسام","الموارد البشرية","no","rule",""
"packages/web/src/pages/DeviceDetail.tsx","frontend","صفحة","devices","الأجهزة وقطع الغيار والأجهزة المركّبة","الأجهزة والمخزون","no","rule",""
"packages/web/src/pages/DeviceManagement.tsx","frontend","صفحة","devices","الأجهزة وقطع الغيار والأجهزة المركّبة","الأجهزة والمخزون","no","rule",""
"packages/web/src/pages/EmployeeDetail.tsx","frontend","صفحة","employees","الموظفون والأقسام","الموارد البشرية","no","rule",""
"packages/web/src/pages/Employees.tsx","frontend","صفحة","employees","الموظفون والأقسام","الموارد البشرية","no","rule",""
"packages/web/src/pages/GeoSettings.tsx","frontend","صفحة","geo_routes","المناطق الإدارية وخطوط السير","الإدارة والإعدادات","no","rule",""
"packages/web/src/pages/OpenTasks.tsx","frontend","صفحة","tasks_core","محرك المهام المشترك ومهامي","الخدمة الميدانية","no","rule",""
"packages/web/src/pages/Reports.tsx","frontend","صفحة","reports","التقارير","التقارير","no","rule",""
"packages/web/src/pages/RouteManager.tsx","frontend","صفحة","geo_routes","المناطق الإدارية وخطوط السير","الإدارة والإعدادات","no","rule",""
"packages/web/src/pages/SystemSettings.contract.test.ts","frontend","اختبار","system_config","القوائم المرجعية وأنواع المهام وإعدادات النظام","الإدارة والإعدادات","yes","rule",""
"packages/web/src/pages/SystemSettings.tsx","frontend","صفحة","system_config","القوائم المرجعية وأنواع المهام وإعدادات النظام","الإدارة والإعدادات","no","rule",""
"packages/web/src/pages/TelemarketerWorkspace.tsx","frontend","صفحة","telemarketing","الاتصالات والمواعيد","المبيعات والزبائن","no","rule",""
"packages/web/src/pages/account-requests/AccountRequestDetailPage.tsx","frontend","صفحة","account_requests","طلبات إنشاء الحساب","الإدارة والإعدادات","no","rule",""
"packages/web/src/pages/account-requests/AccountRequestsListPage.tsx","frontend","صفحة","account_requests","طلبات إنشاء الحساب","الإدارة والإعدادات","no","rule",""
"packages/web/src/pages/admin/AppContactLinks.contract.test.ts","frontend","اختبار","app_admin","إدارة تطبيق الزبائن (البانرات، الإشعارات، الروابط)","الإدارة والإعدادات","yes","rule",""
"packages/web/src/pages/admin/AppContactLinks.tsx","frontend","صفحة","app_admin","إدارة تطبيق الزبائن (البانرات، الإشعارات، الروابط)","الإدارة والإعدادات","no","rule",""
"packages/web/src/pages/admin/AppHomeBanners.tsx","frontend","صفحة","app_admin","إدارة تطبيق الزبائن (البانرات، الإشعارات، الروابط)","الإدارة والإعدادات","no","rule",""
"packages/web/src/pages/admin/AppNotifications.tsx","frontend","صفحة","app_admin","إدارة تطبيق الزبائن (البانرات، الإشعارات، الروابط)","الإدارة والإعدادات","no","rule",""
"packages/web/src/pages/admin/CustomerAppUsers.tsx","frontend","صفحة","account_requests","طلبات إنشاء الحساب","الإدارة والإعدادات","no","rule",""
"packages/web/src/pages/admin/EmergencyActionTypes.tsx","frontend","صفحة","system_config","القوائم المرجعية وأنواع المهام وإعدادات النظام","الإدارة والإعدادات","no","rule",""
"packages/web/src/pages/admin/PermissionSettings.tsx","frontend","صفحة","users_roles","المستخدمون والأدوار والصلاحيات","الإدارة والإعدادات","no","rule",""
"packages/web/src/pages/admin/RolePermissions.tsx","frontend","صفحة","users_roles","المستخدمون والأدوار والصلاحيات","الإدارة والإعدادات","no","rule",""
"packages/web/src/pages/admin/Roles.tsx","frontend","صفحة","users_roles","المستخدمون والأدوار والصلاحيات","الإدارة والإعدادات","no","rule",""
"packages/web/src/pages/admin/SystemLists.tsx","frontend","صفحة","system_config","القوائم المرجعية وأنواع المهام وإعدادات النظام","الإدارة والإعدادات","no","rule",""
"packages/web/src/pages/admin/TaskTypes.tsx","frontend","صفحة","system_config","القوائم المرجعية وأنواع المهام وإعدادات النظام","الإدارة والإعدادات","no","rule",""
"packages/web/src/pages/admin/Users.tsx","frontend","صفحة","users_roles","المستخدمون والأدوار والصلاحيات","الإدارة والإعدادات","no","rule",""
"packages/web/src/pages/auth/Login.tsx","frontend","صفحة","auth","تسجيل الدخول والجلسة","خارج القائمة","no","rule",""
"packages/web/src/pages/candidates/CandidateDetail.contract.test.ts","frontend","اختبار","candidates","الأسماء المقترحة وجلسات الترشيح","المبيعات والزبائن","yes","rule",""
"packages/web/src/pages/candidates/CandidateDetail.tsx","frontend","صفحة","candidates","الأسماء المقترحة وجلسات الترشيح","المبيعات والزبائن","no","rule",""
"packages/web/src/pages/candidates/CandidatesEntry.tsx","frontend","صفحة","candidates","الأسماء المقترحة وجلسات الترشيح","المبيعات والزبائن","no","rule",""
"packages/web/src/pages/clientProfile/AccountStatementTab.tsx","frontend","صفحة","clients","الزبائن","المبيعات والزبائن","no","rule",""
"packages/web/src/pages/clientProfile/DevicesTab.tsx","frontend","صفحة","clients","الزبائن","المبيعات والزبائن","no","rule",""
"packages/web/src/pages/clientProfile/GiftsTab.tsx","frontend","صفحة","gifts","الهدايا","الهدايا","no","rule",""
"packages/web/src/pages/clientProfile/PartsStockTab.tsx","frontend","صفحة","clients","الزبائن","المبيعات والزبائن","no","rule",""
"packages/web/src/pages/clientProfile/PreOffersTab.tsx","frontend","صفحة","clients","الزبائن","المبيعات والزبائن","no","rule",""
"packages/web/src/pages/clientProfile/PurchaseHistoryTab.tsx","frontend","صفحة","clients","الزبائن","المبيعات والزبائن","no","rule",""
"packages/web/src/pages/clientProfile/ServiceRequestsTab.tsx","frontend","صفحة","service_requests","طلبات الخدمة (عامة، فحص المياه، الأجهزة، الصيانة الدورية، الكفالة الذهبية)","الخدمة الميدانية","no","rule",""
"packages/web/src/pages/complaints/ComplaintDetailPage.tsx","frontend","صفحة","complaints","الشكاوى","المبيعات والزبائن","no","rule",""
"packages/web/src/pages/complaints/ComplaintsListPage.tsx","frontend","صفحة","complaints","الشكاوى","المبيعات والزبائن","no","rule",""
"packages/web/src/pages/complaints/NewComplaintPage.tsx","frontend","صفحة","complaints","الشكاوى","المبيعات والزبائن","no","rule",""
"packages/web/src/pages/complaints/complaintsApi.ts","frontend","صفحة","complaints","الشكاوى","المبيعات والزبائن","no","rule",""
"packages/web/src/pages/contracts/ContractDetail.tsx","frontend","صفحة","contracts","العقود","المبيعات والزبائن","no","rule",""
"packages/web/src/pages/contracts/ContractForm.tsx","frontend","صفحة","contracts","العقود","المبيعات والزبائن","no","rule",""
"packages/web/src/pages/contracts/ContractGiftsPanel.tsx","frontend","صفحة","gifts","الهدايا","الهدايا","no","rule",""
"packages/web/src/pages/contracts/ContractList.tsx","frontend","صفحة","contracts","العقود","المبيعات والزبائن","no","rule",""
"packages/web/src/pages/contracts/ContractVisitCreationFlow.test.ts","frontend","اختبار","contracts","العقود","المبيعات والزبائن","yes","rule",""
"packages/web/src/pages/deviceMediaEditing.contract.test.ts","frontend","اختبار","devices","الأجهزة وقطع الغيار والأجهزة المركّبة","الأجهزة والمخزون","yes","rule",""
"packages/web/src/pages/devices/DeviceProfilePage.tsx","frontend","صفحة","devices","الأجهزة وقطع الغيار والأجهزة المركّبة","الأجهزة والمخزون","no","rule",""
"packages/web/src/pages/devices/InstalledDevicesList.tsx","frontend","صفحة","devices","الأجهزة وقطع الغيار والأجهزة المركّبة","الأجهزة والمخزون","no","rule",""
"packages/web/src/pages/devices/sections/CurrentHolderSection.tsx","frontend","صفحة","devices","الأجهزة وقطع الغيار والأجهزة المركّبة","الأجهزة والمخزون","no","rule",""
"packages/web/src/pages/devices/sections/FinancialSection.tsx","frontend","صفحة","devices","الأجهزة وقطع الغيار والأجهزة المركّبة","الأجهزة والمخزون","no","rule",""
"packages/web/src/pages/devices/sections/IdentitySection.tsx","frontend","صفحة","devices","الأجهزة وقطع الغيار والأجهزة المركّبة","الأجهزة والمخزون","no","rule",""
"packages/web/src/pages/devices/sections/InstalledPartsSection.tsx","frontend","صفحة","devices","الأجهزة وقطع الغيار والأجهزة المركّبة","الأجهزة والمخزون","no","rule",""
"packages/web/src/pages/devices/sections/LinkedContractSection.tsx","frontend","صفحة","devices","الأجهزة وقطع الغيار والأجهزة المركّبة","الأجهزة والمخزون","no","rule",""
"packages/web/src/pages/devices/sections/OperationalStatusSection.tsx","frontend","صفحة","devices","الأجهزة وقطع الغيار والأجهزة المركّبة","الأجهزة والمخزون","no","rule",""
"packages/web/src/pages/devices/sections/PossessionHistorySection.tsx","frontend","صفحة","devices","الأجهزة وقطع الغيار والأجهزة المركّبة","الأجهزة والمخزون","no","rule",""
"packages/web/src/pages/devices/sections/ProblemsHistorySection.tsx","frontend","صفحة","devices","الأجهزة وقطع الغيار والأجهزة المركّبة","الأجهزة والمخزون","no","rule",""
"packages/web/src/pages/devices/sections/SectionShell.tsx","frontend","صفحة","devices","الأجهزة وقطع الغيار والأجهزة المركّبة","الأجهزة والمخزون","no","rule",""
"packages/web/src/pages/devices/sections/ServiceAgreementsSection.tsx","frontend","صفحة","devices","الأجهزة وقطع الغيار والأجهزة المركّبة","الأجهزة والمخزون","no","rule",""
"packages/web/src/pages/devices/sections/TasksSection.tsx","frontend","صفحة","devices","الأجهزة وقطع الغيار والأجهزة المركّبة","الأجهزة والمخزون","no","rule",""
"packages/web/src/pages/devices/sections/TechnicalHealthSection.tsx","frontend","صفحة","devices","الأجهزة وقطع الغيار والأجهزة المركّبة","الأجهزة والمخزون","no","rule",""
"packages/web/src/pages/devices/sections/WarrantiesSection.tsx","frontend","صفحة","devices","الأجهزة وقطع الغيار والأجهزة المركّبة","الأجهزة والمخزون","no","rule",""
"packages/web/src/pages/gifts/GiftsManagement.tsx","frontend","صفحة","gifts","الهدايا","الهدايا","no","rule",""
"packages/web/src/pages/jobs/ApplicationDetail.tsx","frontend","صفحة","recruitment","التوظيف (الشواغر، الطلبات، المقابلات، الدورات)","الموارد البشرية","no","rule",""
"packages/web/src/pages/jobs/Applications.tsx","frontend","صفحة","recruitment","التوظيف (الشواغر، الطلبات، المقابلات، الدورات)","الموارد البشرية","no","rule",""
"packages/web/src/pages/jobs/Interviews.tsx","frontend","صفحة","recruitment","التوظيف (الشواغر، الطلبات، المقابلات، الدورات)","الموارد البشرية","no","rule",""
"packages/web/src/pages/jobs/ManualApplicationEntry.tsx","frontend","صفحة","recruitment","التوظيف (الشواغر، الطلبات، المقابلات، الدورات)","الموارد البشرية","no","rule",""
"packages/web/src/pages/jobs/PublicJobs.tsx","frontend","صفحة","recruitment","التوظيف (الشواغر، الطلبات، المقابلات، الدورات)","الموارد البشرية","no","rule",""
"packages/web/src/pages/jobs/TrainingCourseDetail.tsx","frontend","صفحة","recruitment","التوظيف (الشواغر، الطلبات، المقابلات، الدورات)","الموارد البشرية","no","rule",""
"packages/web/src/pages/jobs/TrainingCourses.tsx","frontend","صفحة","recruitment","التوظيف (الشواغر، الطلبات، المقابلات، الدورات)","الموارد البشرية","no","rule",""
"packages/web/src/pages/jobs/Vacancies.tsx","frontend","صفحة","recruitment","التوظيف (الشواغر، الطلبات، المقابلات، الدورات)","الموارد البشرية","no","rule",""
"packages/web/src/pages/jobs/VacancyDetail.tsx","frontend","صفحة","recruitment","التوظيف (الشواغر، الطلبات، المقابلات، الدورات)","الموارد البشرية","no","rule",""
"packages/web/src/pages/jobs/applicationAttachmentPolicy.test.ts","frontend","اختبار","recruitment","التوظيف (الشواغر، الطلبات، المقابلات، الدورات)","الموارد البشرية","yes","rule",""
"packages/web/src/pages/jobs/interviewerLookup.ts","frontend","صفحة","recruitment","التوظيف (الشواغر، الطلبات، المقابلات، الدورات)","الموارد البشرية","no","rule",""
"packages/web/src/pages/planning/PlanOverview.tsx","frontend","صفحة","planning","التخطيط والجدولة","الخدمة الميدانية","no","rule",""
"packages/web/src/pages/planning/PlanningContactTargets.tsx","frontend","صفحة","planning","التخطيط والجدولة","الخدمة الميدانية","no","rule",""
"packages/web/src/pages/planning/RouteAssigner.tsx","frontend","صفحة","planning","التخطيط والجدولة","الخدمة الميدانية","no","rule",""
"packages/web/src/pages/planning/RouteAssignerExtraZones.test.ts","frontend","اختبار","planning","التخطيط والجدولة","الخدمة الميدانية","yes","rule",""
"packages/web/src/pages/planning/TeamScheduler.tsx","frontend","صفحة","planning","التخطيط والجدولة","الخدمة الميدانية","no","rule",""
"packages/web/src/pages/planning/TeamTasksDetail.tsx","frontend","صفحة","planning","التخطيط والجدولة","الخدمة الميدانية","no","rule",""
"packages/web/src/pages/planning/ZoneStudy.tsx","frontend","صفحة","planning","التخطيط والجدولة","الخدمة الميدانية","no","rule",""
"packages/web/src/pages/planning/routeSegments.test.ts","frontend","اختبار","planning","التخطيط والجدولة","الخدمة الميدانية","yes","rule",""
"packages/web/src/pages/planning/routeSegments.ts","frontend","صفحة","planning","التخطيط والجدولة","الخدمة الميدانية","no","rule",""
"packages/web/src/pages/service-requests/AgentLicenseRequestsPage.tsx","frontend","صفحة","sales_requests","طلبات ترشيح الأسماء وترخيص الوكلاء","المبيعات والزبائن","no","rule",""
"packages/web/src/pages/service-requests/DeviceRequestsPage.tsx","frontend","صفحة","service_requests","طلبات الخدمة (عامة، فحص المياه، الأجهزة، الصيانة الدورية، الكفالة الذهبية)","الخدمة الميدانية","no","rule",""
"packages/web/src/pages/service-requests/GoldenWarrantyRequestsPage.tsx","frontend","صفحة","service_requests","طلبات الخدمة (عامة، فحص المياه، الأجهزة، الصيانة الدورية، الكفالة الذهبية)","الخدمة الميدانية","no","rule",""
"packages/web/src/pages/service-requests/NameNominationRequestsPage.tsx","frontend","صفحة","sales_requests","طلبات ترشيح الأسماء وترخيص الوكلاء","المبيعات والزبائن","no","rule",""
"packages/web/src/pages/service-requests/NewServiceRequestPage.tsx","frontend","صفحة","service_requests","طلبات الخدمة (عامة، فحص المياه، الأجهزة، الصيانة الدورية، الكفالة الذهبية)","الخدمة الميدانية","no","rule",""
"packages/web/src/pages/service-requests/PeriodicMaintenanceRequestsPage.tsx","frontend","صفحة","service_requests","طلبات الخدمة (عامة، فحص المياه، الأجهزة، الصيانة الدورية، الكفالة الذهبية)","الخدمة الميدانية","no","rule",""
"packages/web/src/pages/service-requests/ServiceRequestDetailPage.tsx","frontend","صفحة","service_requests","طلبات الخدمة (عامة، فحص المياه، الأجهزة، الصيانة الدورية، الكفالة الذهبية)","الخدمة الميدانية","no","rule",""
"packages/web/src/pages/service-requests/ServiceRequestsListPage.tsx","frontend","صفحة","service_requests","طلبات الخدمة (عامة، فحص المياه، الأجهزة، الصيانة الدورية، الكفالة الذهبية)","الخدمة الميدانية","no","rule",""
"packages/web/src/pages/service-requests/WaterCheckRequestsPage.tsx","frontend","صفحة","service_requests","طلبات الخدمة (عامة، فحص المياه، الأجهزة، الصيانة الدورية، الكفالة الذهبية)","الخدمة الميدانية","no","rule",""
"packages/web/src/pages/service-requests/WaterCheckSimulatorPage.tsx","frontend","صفحة","service_requests","طلبات الخدمة (عامة، فحص المياه، الأجهزة، الصيانة الدورية، الكفالة الذهبية)","الخدمة الميدانية","no","rule",""
"packages/web/src/pages/supervisor/SupervisorAlertsPage.tsx","frontend","صفحة","supervisor_alerts","تنبيهات المتابعة","الرئيسية","no","rule",""
"packages/web/src/pages/tasks/CollectionTaskDetail.tsx","frontend","صفحة","collection","تحصيل الذمم","المبيعات والزبائن","no","rule",""
"packages/web/src/pages/tasks/DeviceDemoDetail.tsx","frontend","صفحة","device_demo","عروض الأجهزة","المبيعات والزبائن","no","rule",""
"packages/web/src/pages/tasks/Dues.tsx","frontend","صفحة","collection","تحصيل الذمم","المبيعات والزبائن","no","rule",""
"packages/web/src/pages/tasks/EmergencyTaskDetail.tsx","frontend","صفحة","maintenance","الصيانة والأعطال","الخدمة الميدانية","no","rule",""
"packages/web/src/pages/tasks/GiftDeliveryTaskDetail.tsx","frontend","صفحة","gifts","الهدايا","الهدايا","no","rule",""
"packages/web/src/pages/tasks/PostSaleTaskDetail.tsx","frontend","صفحة","post_sale_tasks","تسليم وتركيب وتشغيل وفك الأجهزة","الخدمة الميدانية","no","rule",""
"packages/web/src/pages/tasks/TaskEvaluationLab.tsx","frontend","صفحة","tasks_core","محرك المهام المشترك ومهامي","الخدمة الميدانية","no","rule",""
"packages/web/src/pages/tasks/TaskGroupPage.tsx","frontend","صفحة","tasks_core","محرك المهام المشترك ومهامي","الخدمة الميدانية","no","rule",""
"packages/web/src/pages/tasks/WarrantyServicesTaskDetail.tsx","frontend","صفحة","warranty","خدمات الكفالة","الخدمة الميدانية","no","rule",""
"packages/web/src/pages/visits/MyVisitsPage.contract.test.ts","frontend","اختبار","field_visits","الزيارات الميدانية وزياراتي","الخدمة الميدانية","yes","rule",""
"packages/web/src/pages/visits/MyVisitsPage.tsx","frontend","صفحة","field_visits","الزيارات الميدانية وزياراتي","الخدمة الميدانية","no","rule",""
"packages/web/src/pages/visits/VisitDetailPage.tsx","frontend","صفحة","field_visits","الزيارات الميدانية وزياراتي","الخدمة الميدانية","no","rule",""
"packages/web/src/pages/visits/VisitsListPage.tsx","frontend","صفحة","field_visits","الزيارات الميدانية وزياراتي","الخدمة الميدانية","no","rule",""
"packages/web/src/taskTypes/device_delivery/DeliveryInfoTab.tsx","frontend","تعريف نوع مهمة","post_sale_tasks","تسليم وتركيب وتشغيل وفك الأجهزة","الخدمة الميدانية","no","rule",""
"packages/web/src/taskTypes/device_delivery/DeviceActivationResultModal.tsx","frontend","تعريف نوع مهمة","post_sale_tasks","تسليم وتركيب وتشغيل وفك الأجهزة","الخدمة الميدانية","no","rule",""
"packages/web/src/taskTypes/device_delivery/DeviceCheckupResultModal.tsx","frontend","تعريف نوع مهمة","post_sale_tasks","تسليم وتركيب وتشغيل وفك الأجهزة","الخدمة الميدانية","no","rule",""
"packages/web/src/taskTypes/device_delivery/DeviceDeliveryResultModal.tsx","frontend","تعريف نوع مهمة","post_sale_tasks","تسليم وتركيب وتشغيل وفك الأجهزة","الخدمة الميدانية","no","rule",""
"packages/web/src/taskTypes/device_delivery/DeviceDisconnectionResultModal.tsx","frontend","تعريف نوع مهمة","post_sale_tasks","تسليم وتركيب وتشغيل وفك الأجهزة","الخدمة الميدانية","no","rule",""
"packages/web/src/taskTypes/device_delivery/DeviceInstallationResultModal.tsx","frontend","تعريف نوع مهمة","post_sale_tasks","تسليم وتركيب وتشغيل وفك الأجهزة","الخدمة الميدانية","no","rule",""
"packages/web/src/taskTypes/device_delivery/DeviceRetrievalResultModal.tsx","frontend","تعريف نوع مهمة","post_sale_tasks","تسليم وتركيب وتشغيل وفك الأجهزة","الخدمة الميدانية","no","rule",""
"packages/web/src/taskTypes/device_delivery/DeviceReturnResultModal.tsx","frontend","تعريف نوع مهمة","post_sale_tasks","تسليم وتركيب وتشغيل وفك الأجهزة","الخدمة الميدانية","no","rule",""
"packages/web/src/taskTypes/device_delivery/DeviceTransferResultModal.tsx","frontend","تعريف نوع مهمة","post_sale_tasks","تسليم وتركيب وتشغيل وفك الأجهزة","الخدمة الميدانية","no","rule",""
"packages/web/src/taskTypes/device_demo/DeviceDemoOfferTab.tsx","frontend","تعريف نوع مهمة","device_demo","عروض الأجهزة","المبيعات والزبائن","no","rule",""
"packages/web/src/taskTypes/device_demo/DeviceDemoResultModal.tsx","frontend","تعريف نوع مهمة","device_demo","عروض الأجهزة","المبيعات والزبائن","no","rule",""
"packages/web/src/taskTypes/device_demo/DeviceDemoResultRenderer.tsx","frontend","تعريف نوع مهمة","device_demo","عروض الأجهزة","المبيعات والزبائن","no","rule",""
"packages/web/src/taskTypes/emergency_maintenance/EmergencyDetailsTab.tsx","frontend","تعريف نوع مهمة","maintenance","الصيانة والأعطال","الخدمة الميدانية","no","rule",""
"packages/web/src/taskTypes/emergency_maintenance/EmergencyResultModal.tsx","frontend","تعريف نوع مهمة","maintenance","الصيانة والأعطال","الخدمة الميدانية","no","rule",""
"packages/web/src/taskTypes/gift_delivery/GiftDeliveryResultModal.tsx","frontend","تعريف نوع مهمة","gifts","الهدايا","الهدايا","no","rule",""
"packages/web/src/taskTypes/golden_warranty_card_delivery/GoldenWarrantyCardCreateModal.tsx","frontend","تعريف نوع مهمة","warranty","خدمات الكفالة","الخدمة الميدانية","no","rule",""
"packages/web/src/taskTypes/golden_warranty_card_delivery/GoldenWarrantyCardDeliveryModal.tsx","frontend","تعريف نوع مهمة","warranty","خدمات الكفالة","الخدمة الميدانية","no","rule",""
"packages/web/src/taskTypes/golden_warranty_offer/GoldenWarrantyOfferCreateModal.tsx","frontend","تعريف نوع مهمة","warranty","خدمات الكفالة","الخدمة الميدانية","no","rule",""
"packages/web/src/taskTypes/golden_warranty_offer/GoldenWarrantyOfferModal.tsx","frontend","تعريف نوع مهمة","warranty","خدمات الكفالة","الخدمة الميدانية","no","rule",""
"packages/web/src/taskTypes/installment_collection/InstallmentCollectionResultModal.tsx","frontend","تعريف نوع مهمة","collection","تحصيل الذمم","المبيعات والزبائن","no","rule",""
"packages/web/src/utils/addressUtils.ts","frontend","مساعد/إعداد","telemarketing","الاتصالات والمواعيد","المبيعات والزبائن","no","usage",""
"packages/web/src/vite-env.d.ts","frontend","مساعد/إعداد","core","البنية الأساسية المشتركة","خارج القائمة","no","rule",""
"packages/web/vite.config.ts","frontend","مساعد/إعداد","core","البنية الأساسية المشتركة","خارج القائمة","no","rule",""
