path,action,target,needs_decision,decision,reason_ar,doc_type,topic,currency,superseded_by,duplicates_with,impl_status,audience,feeds_guide,feeds_manual,confidence,bytes,lines,first,last,inbound_docs,inbound_code,inbound_memory
docs/analysis/1.xlsx,delete,,,,ملف إكسل مصدره الأصلي لنفس مصفوفة صلاحيات الزبائن الموجودة CSV في Git (نفس الأعمدة الإحدى عشر ونفس صفوف clients.*)؛ نسخة ثنائية زائدة عن محتوى موثّق أصلاً.,test-matrix,clients-permissions,superseded,docs/analysis/clients-permissions-test-matrix.csv,docs/analysis/clients-permissions-test-matrix.csv,n/a,dev,no,no,medium,13131,0,2026-06-18,2026-06-18,0,0,0
docs/analysis/assigned-phase-implementation-plan.md,archive,docs/archive/analysis/assigned-phase-implementation-plan.md,,,خطة معتمدة لكن مؤجلة من 2026-05-18 (migration 107 وصفحة PlanningContactTargets غير موجودين اليوم)؛ دورة التخطيط ونموذج جهة الاتصال نُفِّذا لاحقاً بمقاربة مختلفة عبر DEC-009/010/011، فلا مرجع حي يشير إليها.,plan,planning-contact-targets-assigned-phase,superseded,docs/constitution/decisions/DEC-009-eligible-task-and-contact-lifecycle.md,,planned,dev,no,no,medium,19055,388,2026-05-18,2026-05-18,0,0,0
docs/analysis/branches-departments-audit.md,move,docs/engineering/audits/branches-departments-audit.md,,,تدقيق سكوب مكتمل البنود (فحص وإغلاق) لقسمي الفروع والأقسام وفق معيار الصلاحيات؛ يبقى مرجعاً هندسياً صالحاً لا يتعارض مع الدستور الحالي.,audit,branches-departments-scope-audit,current,,,implemented,dev,no,no,medium,5590,61,2026-06-20,2026-06-20,0,0,0
docs/analysis/candidates-critical-audit-areas.csv,move,docs/engineering/audits/candidates-critical-audit-areas.csv,,,مخرج بروتوكول تدقيق الأقسام لقسم الأسماء المقترحة الذي لا يزال ⬜ غير مكتمل حسب متابعة section-audit-protocol.md §8؛ يبقى مرجع عمل صالح للمتابعة.,test-matrix,candidates-permissions-audit,current,,,partial,dev,no,no,medium,2430,9,2026-06-18,2026-06-18,0,0,0
docs/analysis/candidates-permissions-test-matrix.csv,move,docs/engineering/audits/candidates-permissions-test-matrix.csv,,,مصفوفة صلاحيات الأسماء المقترحة، محدَّثة مؤخراً (2026-09-15)؛ لا تزال قيد الاستعمال ضمن بروتوكول تدقيق الأقسام غير المُغلَق بعد لهذا القسم.,test-matrix,candidates-permissions-audit,current,,,partial,dev,no,no,high,1967,8,2026-06-18,2026-09-15,0,0,0
docs/analysis/candidates-records-performance-and-filters.md,move,docs/engineering/api/candidates-records-performance-and-filters.md,,,عقد فلاتر وترقيم `/api/candidates/paged` مُستشهَد به بالاسم من migrations/438 §6؛ مرجع حي يتبعه الكود فعلاً.,analysis-report,candidates-performance-filters,current,,,partial,dev,no,partial,high,18713,142,2026-08-30,2026-08-30,0,1,0
docs/analysis/candidates-referral-sheets-filters-audit.md,move,docs/engineering/audits/candidates-referral-sheets-filters-audit.md,,,مُستشهَد به فعلياً من docs/constitution/domains/reporting-analytics.md §3.3/§3.5 وكود CandidatesEntry.tsx بوصفه توثيق الفجوة الحالية؛ لا يزال مرجعاً حياً غير مُغلَق.,audit,candidates-referral-sheets-filters,current,,,partial,dev,partial,partial,high,11491,104,2026-07-01,2026-07-01,1,1,2
docs/analysis/catalog-active-state-legacy-mapping.md,move,docs/engineering/runbooks/catalog-active-state-legacy-mapping.md,,,مرجع صريح في DEC-012 (مرجع المرحلة السابعة) لأداة الإصلاح scripts/legacy-catalog-active-state-repair.mjs الموجودة فعلياً وتعمل dry-run افتراضياً؛ دليل تشغيل صالح لا تحليل منتهٍ.,runbook,catalog-active-state-migration-repair,current,,,implemented,dev,no,no,high,3355,71,2026-07-02,2026-07-02,1,0,0
docs/analysis/catalog-active-state-usage-audit.md,archive,docs/archive/analysis/catalog-active-state-usage-audit.md,,,تحليل المرحلة الثانية (2026-07-02) الذي أفضى مباشرة إلى قرار DEC-012 المعتمد نفس اليوم؛ محتواه امتُصّ في القرار ويبقى كخلفية تاريخية فقط.,audit,catalog-active-state-usage,superseded,docs/constitution/decisions/DEC-012-catalog-active-state.md,,implemented,dev,no,no,medium,13883,126,2026-07-02,2026-07-02,0,0,0
docs/analysis/clients-critical-audit-areas.csv,move,docs/engineering/audits/clients-critical-audit-areas.csv,,,مخرج بروتوكول تدقيق قسم الزبائن، وهو القسم المرجعي المكتمل والمختبَر رسمياً حسب section-audit-protocol.md §8.,test-matrix,clients-permissions-audit,current,,,implemented,dev,no,no,high,4763,11,2026-06-18,2026-06-18,0,0,1
docs/analysis/clients-permissions-test-matrix.csv,move,docs/engineering/audits/clients-permissions-test-matrix.csv,,,مصفوفة صلاحيات القسم المرجعي (الزبائن)، مكتملة ومختبَرة؛ لها نسخة إكسل مكرّرة (1.xlsx) تُحذف.,test-matrix,clients-permissions-audit,current,,docs/analysis/1.xlsx,implemented,dev,no,no,high,4581,28,2026-06-18,2026-06-18,0,0,1
docs/analysis/clients-records-audit-acceptance.md,move,docs/engineering/audits/clients-records-audit-acceptance.md,,,وثيقة قبول قسم الزبائن المرجعي حسب section-audit-protocol.md §5؛ لا تزال معياراً معتمداً ساري المفعول.,audit,clients-audit-acceptance-criteria,current,,,implemented,dev,no,no,high,7188,93,2026-06-18,2026-06-18,1,0,1
docs/analysis/clients-records-performance-and-filters.md,move,docs/engineering/api/clients-records-performance-and-filters.md,,,عقد كتالوج الفلاتر §7 مُستشهَد به حرفياً من clients.ts وapi.ts وClients.tsx؛ مرجع حي رغم بنود مؤجّلة (فلتر الرصيد، منتقي typeahead، فهرسة الجغرافيا/الهاتف).,analysis-report,clients-performance-filters,current,,,partial,dev,no,partial,high,18290,218,2026-07-27,2026-07-27,2,4,1
docs/analysis/contracts-records-performance-filters-and-stats.md,move,docs/engineering/api/contracts-records-performance-filters-and-stats.md,,,عقد كتالوج فلاتر العقود §3 مُستشهَد به من contracts.ts وapi.ts؛ التنفيذ بدأ على نفس ترتيب الزبائن ولم يكتمل بالكامل.,analysis-report,contracts-performance-filters-stats,current,,,partial,dev,no,partial,high,8181,105,2026-07-29,2026-07-30,1,2,0
docs/analysis/customer-calls-report.md,move,docs/constitution/features/reports/customer-calls-report.md,,,عقد تعريف تقرير كامل وفق معيار §9 في reporting-analytics.md، بلغ G3 منفَّذ (migrations 454/455) وينتظر G4/G5 فقط؛ يستحق مكاناً دستورياً دائماً بدل مجلد analysis المؤقت.,feature,report-customer-calls,current,,,partial,dev,partial,yes,high,27512,257,2026-09-07,2026-09-07,1,0,0
docs/analysis/daily-work-sales-file-report.md,move,docs/constitution/features/reports/daily-work-sales-file-report.md,,,أكبر وأكثر عقود التقارير تفصيلاً (46 عموداً)؛ G3 منفَّذ (migration 449) وأدلة تشغيلية موثّقة على قاعدة التطوير، بانتظار G4/G5 فقط.,feature,report-daily-work-sales-file,current,,,partial,dev,partial,yes,high,61378,469,2026-09-07,2026-09-07,2,0,0
docs/analysis/department-results-report.md,move,docs/constitution/features/reports/department-results-report.md,,,عقد تقرير G3 منفَّذ (migration 451)، بانتظار G4/G5 فقط.,feature,report-department-results,current,,,partial,dev,partial,yes,high,29222,228,2026-09-07,2026-09-07,1,0,0
docs/analysis/device-demo-lifecycle.md,archive,docs/archive/analysis/device-demo-lifecycle.md,,,تحليل سيناريوهات مبكر (2026-05-18) امتُصّ في docs/constitution/features/device-demo.md الذي وُصف بأنه «محدَّث كمرجع دستوري» ولا يشير إليه؛ يبقى كخلفية فقط. لا يزال task-model.md يستشهد به كقراءة إضافية.,analysis-report,device-demo-task-scenarios,superseded,docs/constitution/features/device-demo.md,,implemented,dev,no,no,medium,17618,446,2026-05-18,2026-05-18,2,0,0
docs/analysis/device-faults-report.md,move,docs/constitution/features/reports/device-faults-report.md,,,عقد تقرير منفَّذ فعلياً (deviceFaultsReport.ts موجود بالكود) ويعيد استخدام صلاحيات تقرير الأجهزة القائمة دون هجرة جديدة.,feature,report-device-faults,current,,,implemented,dev,partial,yes,high,3088,56,2026-09-07,2026-09-07,0,0,0
docs/analysis/employees-critical-audit-areas.csv,move,docs/engineering/audits/employees-critical-audit-areas.csv,,,مخرج بروتوكول تدقيق قسم الموظفين، المكتمل والمختبَر رسمياً (section-audit-protocol.md §8، baseline هجرة 297).,test-matrix,employees-permissions-audit,current,,,implemented,dev,no,no,high,4128,11,2026-06-18,2026-06-18,0,0,1
docs/analysis/employees-permissions-test-matrix.csv,move,docs/engineering/audits/employees-permissions-test-matrix.csv,,,مصفوفة صلاحيات قسم الموظفين المكتمل والمختبَر رسمياً.,test-matrix,employees-permissions-audit,current,,,implemented,dev,no,no,high,1815,9,2026-06-18,2026-06-18,0,0,1
docs/analysis/employees-records-audit-acceptance.md,move,docs/engineering/audits/employees-records-audit-acceptance.md,,,وثيقة قبول تدقيق قسم الموظفين، معتمدة ومطابقة للـbaseline بعد هجرة 297.,audit,employees-audit-acceptance-criteria,current,,,implemented,dev,no,no,high,13249,128,2026-06-18,2026-06-18,0,0,1
docs/analysis/gift-permission-audit.md,move,docs/engineering/audits/gift-permission-audit.md,,,الصلاحية الموصوفة `contract_gifts.reopen_manual_delivery` موجودة فعلاً ومختبَرة في giftPolicy.test.ts؛ توثيق تدقيقي صالح لمسار الهدايا.,audit,gifts-permission-audit,current,,,implemented,dev,no,no,high,3641,64,2026-07-27,2026-07-27,0,0,0
docs/analysis/golden-warranty-report.md,move,docs/constitution/features/reports/golden-warranty-report.md,,,عقد تقرير حديث جداً (2026-09-27)، G3 منفَّذ بالكامل (migration 464، 17 اختباراً جديداً)، بانتظار G4/G5 فقط.,feature,report-golden-warranty,current,,,partial,dev,partial,yes,high,45706,389,2026-09-27,2026-09-27,0,0,0
docs/analysis/implementation-plan.md,archive,docs/archive/analysis/implementation-plan.md,,,خطة التنفيذ التأسيسية الأصلية (2026-05-18) لمنظومة المهام الموحدة عبر 7 مراحل؛ كل مرحلة تجاوزها لاحقاً مستند دستوري مستقل أدق (device-demo، العقود، financial_movements، الصيانة الدورية)، ولا يوجد رابط حي فعلي إليها اليوم رغم بيانات inbound الأولية.,plan,unified-task-system-roadmap,partially-stale,docs/constitution/domains/tasks-unified.md,,partial,dev,partial,no,medium,8321,141,2026-05-18,2026-05-18,5,0,2
docs/analysis/installed-devices-records-performance-filters-and-stats.md,move,docs/engineering/api/installed-devices-records-performance-filters-and-stats.md,,,منفَّذ فعلاً على نفس نمط الزبائن/العقود (`/installed-devices/paged`)، بدون هجرة جديدة؛ مرجع مختصر لكن حي.,analysis-report,installed-devices-performance-filters-stats,current,,,implemented,dev,no,partial,medium,3272,30,2026-07-30,2026-07-30,0,0,1
docs/analysis/mediator-gifts-report.md,move,docs/constitution/features/reports/mediator-gifts-report.md,,,عقد تقرير منفَّذ فعلياً (mediatorGiftsReport.ts موجود بالكود، مع اختبارات).,feature,report-mediator-gifts,current,,,implemented,dev,partial,yes,high,3443,41,2026-09-07,2026-09-07,1,0,0
docs/analysis/name-lists-audit-acceptance.md,move,docs/engineering/audits/name-lists-audit-acceptance.md,,,وثيقة قبول تدقيق لوائح الأسماء ضمن قسم الأسماء المقترحة الذي لا يزال ⬜ غير مكتمل حسب section-audit-protocol.md §8.,audit,name-lists-audit-acceptance,current,,,partial,dev,no,no,medium,3159,41,2026-06-18,2026-06-18,1,0,0
docs/analysis/name-lists-critical-audit-areas.csv,move,docs/engineering/audits/name-lists-critical-audit-areas.csv,,,مناطق حرجة لتدقيق لوائح الأسماء؛ نفس القسم غير المُغلَق بعد.,test-matrix,name-lists-audit-acceptance,current,,,partial,dev,no,no,medium,2700,8,2026-06-18,2026-06-18,1,0,0
docs/analysis/name-lists-permissions-test-matrix.csv,move,docs/engineering/audits/name-lists-permissions-test-matrix.csv,,,مصفوفة صلاحيات لوائح الأسماء؛ نفس القسم غير المُغلَق بعد.,test-matrix,name-lists-audit-acceptance,current,,,partial,dev,no,no,medium,2250,9,2026-06-18,2026-06-18,1,0,0
docs/analysis/permission-audit-findings.md,move,docs/engineering/audits/permission-audit-findings.md,,,مُستشهَد به صراحةً من permissions-engineering-standard.md كنتائج تدقيق معروفة؛ سجل الحلّ فيه محدَّث ومستمر.,audit,permissions-system-audit,current,,,partial,dev,no,no,high,10554,188,2026-06-15,2026-06-16,1,0,0
docs/analysis/permission-endpoints.csv,move,docs/engineering/audits/permission-endpoints.csv,,,مخرج آلي محدَّث (حتى 2026-09-15) لـscripts/audit-permissions.mjs، مُستشهَد به من permissions-engineering-standard.md؛ يبقى مصدر جرد حي.,audit,permissions-system-audit,current,,,n/a,dev,no,no,high,36857,387,2026-06-15,2026-09-15,3,1,0
docs/analysis/permission-inventory.csv,move,docs/engineering/audits/permission-inventory.csv,,,مخرج آلي محدَّث (حتى 2026-09-07) لـscripts/audit-permissions.mjs، مُستشهَد به من permissions-engineering-standard.md.,audit,permissions-system-audit,current,,,n/a,dev,no,no,high,56069,292,2026-06-15,2026-09-07,3,1,0
docs/analysis/permission-inventory.md,move,docs/engineering/audits/permission-inventory.md,,,الشرح السردي لجرد الصلاحيات، محدَّث (حتى 2026-09-07)، مُستشهَد به من permissions-engineering-standard.md.,audit,permissions-system-audit,current,,,n/a,dev,no,no,high,25163,247,2026-06-15,2026-09-07,2,1,0
docs/analysis/retrieved-devices-report.md,move,docs/constitution/features/reports/retrieved-devices-report.md,,,عقد تقرير منفَّذ فعلياً (retrievedDevicesReport.ts موجود بالكود، مع اختبارات).,feature,report-retrieved-devices,current,,,implemented,dev,partial,yes,high,3265,37,2026-09-07,2026-09-07,0,0,0
docs/analysis/sales-by-type-report.md,move,docs/constitution/features/reports/sales-by-type-report.md,,,عقد تقرير G3 منفَّذ (migration 450)، بانتظار G4/G5 فقط.,feature,report-sales-by-type,current,,,partial,dev,partial,yes,high,25388,202,2026-09-07,2026-09-07,2,0,0
docs/analysis/sales-count-report.md,move,docs/constitution/features/reports/sales-count-report.md,,,عقد تقرير G3 منفَّذ والاستعلام طابق العينة المرجعية (migration 453)، بانتظار الفحص البصري والقبول فقط.,feature,report-sales-count,current,,,partial,dev,partial,yes,high,32622,284,2026-09-07,2026-09-07,2,0,0
docs/analysis/service-dues-report.md,move,docs/constitution/features/reports/service-dues-report.md,,,عقد تقرير منفَّذ فعلياً (serviceDuesReport.ts موجود بالكود، مع اختبارات).,feature,report-service-dues,current,,,implemented,dev,partial,yes,high,4918,65,2026-09-07,2026-09-07,0,0,0
docs/analysis/sidebar-navigation-redesign.md,archive,docs/archive/analysis/sidebar-navigation-redesign.md,,,مقترح إعادة تنظيم الشجرة الجانبية بتاريخ 2026-09-08، ونفس اليوم أُخذت لقطة `MainLayout.tsx` قبل التطبيق مباشرة — ما يدل أن التغيير نُفِّذ؛ يبقى كمخطط تصميم تاريخي.,design-handoff,sidebar-navigation-redesign,superseded,,,implemented,dev,no,partial,medium,13453,198,2026-09-08,2026-09-08,0,0,0
docs/analysis/snapshots/MainLayout.sidebar-before-2026-09-08.manifest.md,archive,docs/archive/analysis/snapshots/MainLayout.sidebar-before-2026-09-08.manifest.md,,,بيان استرجاع لنسخة احتياطية من MainLayout.tsx قبل إعادة تنظيم الشريط الجانبي؛ إجراء رجوع تاريخي انتهت الحاجة العملية إليه بعد ٣ أسابيع من التطبيق الناجح.,snapshot,sidebar-navigation-redesign,stale,,,n/a,dev,no,no,medium,553,10,2026-09-08,2026-09-08,0,0,0
docs/analysis/snapshots/MainLayout.sidebar-before-2026-09-08.tsx.txt,archive,docs/archive/analysis/snapshots/MainLayout.sidebar-before-2026-09-08.tsx.txt,,,نسخة كاملة احتياطية (1011 سطراً) من ملف الكود قبل إعادة التنظيم؛ ليست وثيقة بل نسخة استرجاع، تُؤرشف مع بيانها.,snapshot,sidebar-navigation-redesign,stale,,,n/a,dev,no,no,medium,63736,1011,2026-09-08,2026-09-08,1,0,0
docs/analysis/supervisor-alerts-review.md,move,docs/engineering/audits/supervisor-alerts-review.md,,,مراجعة حديثة جداً (2026-09-27) لصفحة /supervisor/alerts مع إصلاحات مطبَّقة؛ يبقى قيد مفتوح: لا إشعارات فعلية تُرسَل للأفراد.,audit,supervisor-alerts-page-review,current,,,partial,dev,no,partial,high,4300,25,2026-09-27,2026-09-27,0,0,0
docs/analysis/task-lifecycle-analysis.md,archive,docs/archive/analysis/task-lifecycle-analysis.md,,,مسودة مبكرة (2026-05-18، المرحلة الخامسة مؤجّلة) سبقت وأثْرت دستور tasks-unified.md ثم قرارات DEC-003/004/009 الأحدث والأدق لدورة حياة المهمة وجهة الاتصال.,analysis-report,task-lifecycle-stages,superseded,docs/constitution/domains/tasks-unified.md,,partial,dev,partial,no,medium,32754,572,2026-05-18,2026-05-18,2,2,0
docs/analysis/task-model.md,move,docs/constitution/domains/task-model.md,,,المرجع الشامل لحقول موديل المهمة الموحد، لا يزال يُستشهَد به حرفياً من route-assignment.md وgifts.md؛ نقله يتطلب تحديث تلك الروابط النسبية.,domain,unified-task-field-model,current,,,implemented,dev,partial,no,high,37128,619,2026-05-18,2026-05-18,3,1,0
docs/analysis/task-scheduling-patterns.md,move,docs/constitution/standards/task-scheduling-patterns.md,,,معيار عرضي معتمد يحكم `task_type_config.scheduling_pattern` لكل أنواع المهام، ولا يزال يُستشهَد به حرفياً من route-assignment.md وgifts.md؛ نقله يتطلب تحديث تلك الروابط.,standard,task-scheduling-patterns,current,,,implemented,dev,no,no,high,12224,246,2026-05-18,2026-05-18,2,1,0
docs/analysis/technician-work-report.md,move,docs/constitution/features/reports/technician-work-report.md,,,عقد تقرير G3 منفَّذ والاستعلام أُقفل حسابه في كل صف (migration 456)، بانتظار الفحص البصري والقبول فقط.,feature,report-technician-work,current,,,partial,dev,partial,yes,high,21867,266,2026-09-07,2026-09-07,1,0,0
docs/analysis/temporary-contract-report.md,move,docs/constitution/features/reports/temporary-contract-report.md,,,عقد تقرير حديث جداً (2026-09-17)، G3 منفَّذ بالكامل (migration 465)، بانتظار G4/G5 فقط.,feature,report-temporary-contract,current,,,partial,dev,partial,yes,high,20331,236,2026-09-27,2026-09-27,0,0,0
docs/analysis/unified-task-model.md,archive,docs/archive/analysis/unified-task-model.md,,,مسودة اعتماد (2026-05-18) لطبقتَي open_tasks/task_type_config سبقت دستور tasks-unified.md المعتمد بعد 4 أيام؛ لا تزال gifts.md تربط إليها كقراءة إضافية فقط.,analysis-report,unified-task-technical-map,superseded,docs/constitution/domains/tasks-unified.md,,partial,dev,no,no,medium,25941,456,2026-05-18,2026-05-18,2,0,0
docs/analysis/unified-task-template-design.md,archive,docs/archive/analysis/unified-task-template-design.md,,,تصميم قالب/Registry الـplugin الأصلي (2026-05-18) الذي أصبح دستور tasks-unified.md المعتمد؛ لا استشهاد حي به من أي مستند دستوري.,analysis-report,unified-task-plugin-template,superseded,docs/constitution/domains/tasks-unified.md,,implemented,dev,no,no,medium,20576,621,2026-05-18,2026-05-18,1,0,0
docs/analysis/مهام الزيارات.pdf,move,docs/constitution/domains/مهام الزيارات.pdf,,,يصفه task-model.md صراحةً بأنه «المصدر الرسمي للـ20 مهمة»؛ مستند مصدر تأسيسي لا يزال مرجعياً، يُنقَل مع task-model.md بدل الحذف.,other,task-types-official-source-spec,current,,,n/a,client-source,yes,partial,medium,221305,0,2026-05-18,2026-05-18,1,0,0
docs/api/complaints-api-reference.md,move,docs/engineering/api/complaints-api-reference.md,,,عقد API V1 منفَّذ ومرجعي لكل من الموبايل وCRM؛ ينتقل فقط لمجلد مراجع API الهندسية.,api-reference,complaints,current,,,implemented,mobile-vendor,no,no,high,19932,535,2026-08-17,2026-08-18,1,0,0
docs/api/mobile-agent-license-api-reference.md,move,docs/engineering/api/mobile-agent-license-api-reference.md,,,عقد موبايل ضمن بوابة service-requests الموحدة، مربوط بكود فعلي (appServiceRequests.ts).,api-reference,service-requests,current,,,implemented,mobile-vendor,no,no,high,3285,75,2026-08-12,2026-08-12,1,1,0
docs/api/mobile-app-auth-api-reference.md,move,docs/engineering/api/mobile-app-auth-api-reference.md,,,مرجع رسمي حاكم لكل نقاط مصادقة تطبيق الزبائن (DEC-013)، 3 إشارات واردة إليه.,api-reference,app-auth,current,,,implemented,mobile-vendor,no,no,high,45598,599,2026-07-19,2026-08-13,3,0,1
docs/api/mobile-app-contact-links-api-reference.md,move,docs/engineering/api/mobile-app-contact-links-api-reference.md,,,عقد implementation-ready لروابط تواصل الشاشة الرئيسية بالتطبيق.,api-reference,app-home,current,,,planned,mobile-vendor,no,no,medium,16863,458,2026-08-16,2026-08-16,0,0,0
docs/api/mobile-branch-catalog-api-reference.md,move,docs/engineering/api/mobile-branch-catalog-api-reference.md,,,مرجع API عام لكتالوج الفروع بالتطبيق، مستقر ومرتبط بإشارتين.,api-reference,branch-catalog,current,,,implemented,mobile-vendor,no,no,high,5497,168,2026-08-09,2026-08-09,2,0,0
docs/api/mobile-device-catalog-api-reference.md,move,docs/engineering/api/mobile-device-catalog-api-reference.md,,,مرجع كتالوج الأجهزة العام؛ يوثّق كسر عقد pagination بتاريخ 2026-08-11.,api-reference,device-catalog,current,,,implemented,mobile-vendor,no,no,high,10534,269,2026-08-09,2026-08-12,2,0,0
docs/api/mobile-device-request-api-guide.md,move,docs/engineering/api/mobile-device-request-api-guide.md,,,عقد طلب جهاز تجاري عبر بوابة service-requests الموحدة.,api-reference,service-requests,current,,,implemented,mobile-vendor,no,no,high,6002,146,2026-08-10,2026-08-12,0,0,0
docs/api/mobile-devices-api-reference.md,move,docs/engineering/api/mobile-devices-api-reference.md,,,شاشة «أجهزتي» DEC-017، مرتبطة باختبار عقدي في الكود (appDevices.contract.test.ts).,api-reference,app-devices,current,,,implemented,mobile-vendor,no,no,high,7712,113,2026-08-13,2026-08-25,1,1,1
docs/api/mobile-emergency-maintenance-api-reference.md,move,docs/engineering/api/mobile-emergency-maintenance-api-reference.md,,,عقد الصيانة الطارئة v1 ضمن بوابة service-requests الموحدة.,api-reference,maintenance,current,,,implemented,mobile-vendor,no,no,high,8444,193,2026-08-09,2026-08-12,0,0,0
docs/api/mobile-geo-selector-integration-guide.md,move,docs/engineering/api/mobile-geo-selector-integration-guide.md,,,دليل تكامل لمُنتقي جيوغرافي مستخدم بإنشاء الحساب وطلبات فحص المياه.,api-reference,geo-selector,current,,,implemented,mobile-vendor,no,no,high,12052,382,2026-08-05,2026-08-12,0,0,0
docs/api/mobile-golden-warranty-api-reference.md,move,docs/engineering/api/mobile-golden-warranty-api-reference.md,,,عقد طلب الكفالة الذهبية v1 عبر بوابة الطلبات الموحدة.,api-reference,golden-warranty,current,,,implemented,mobile-vendor,no,no,high,6739,169,2026-08-11,2026-08-13,1,0,0
docs/api/mobile-home-banners-api-reference.md,move,docs/engineering/api/mobile-home-banners-api-reference.md,,,عقد شرائح الصفحة الرئيسية implementation-ready، يطابق migr 422 المطبَّق حسب الذاكرة.,api-reference,app-home,current,,,implemented,mobile-vendor,no,no,high,18932,406,2026-08-16,2026-08-16,0,0,0
docs/api/mobile-mediator-address-integration-guide-pro.md,move,docs/engineering/api/mobile-mediator-address-integration-guide-pro.md,,,عقد عنوان الوسيط منفَّذ بالكود، ويحتاج migration 416 عند النشر.,api-reference,service-requests,current,,,implemented,mobile-vendor,no,no,high,13868,323,2026-08-12,2026-08-12,0,0,0
docs/api/mobile-name-nomination-api-reference.md,move,docs/engineering/api/mobile-name-nomination-api-reference.md,,,المرجع الحالي لعقد v2 ويتضمن أصلاً قسم «v1 to v2 migration» فيمتص محتوى تقرير الإصلاح المنفصل.,api-reference,name-nomination,current,,docs/api/mobile-name-nomination-v2-repair-report.md,implemented,mobile-vendor,no,no,high,5447,125,2026-08-12,2026-08-13,0,0,0
docs/api/mobile-name-nomination-v2-repair-report.md,archive,docs/archive/analysis/mobile-name-nomination-v2-repair-report.md,,,تقرير تشخيص/إصلاح لحظي لنفس ترحيل v1→v2 الموثَّق أصلاً بالمرجع الرئيسي؛ قيمته تاريخية فقط.,analysis-report,name-nomination,superseded,docs/api/mobile-name-nomination-api-reference.md,docs/api/mobile-name-nomination-api-reference.md,implemented,mobile-vendor,no,no,medium,5542,144,2026-08-13,2026-08-13,0,0,0
docs/api/mobile-periodic-maintenance-api-reference.md,move,docs/engineering/api/mobile-periodic-maintenance-api-reference.md,,,عقد الصيانة الدورية v2 — سجل مراجعة بشرية فقط، لا يغيّر موعد الاستحقاق.,api-reference,maintenance,current,,,implemented,mobile-vendor,no,no,high,6054,150,2026-08-11,2026-08-12,0,0,0
docs/api/mobile-recruitment-api-reference.md,move,docs/engineering/api/mobile-recruitment-api-reference.md,,,مرجع كامل لاكتشاف الشواغر والتقديم المباشر من التطبيق، لا حالة متابعة.,api-reference,recruitment,current,,,implemented,mobile-vendor,no,no,high,20323,561,2026-08-12,2026-08-12,0,0,0
docs/api/mobile-service-requests-api-reference.md,move,docs/engineering/api/mobile-service-requests-api-reference.md,,,العقد الحاكم لطلبات فحص المياه، 5 إشارات واردة و migr مرتبط؛ منفَّذ بالكود لكن لم يُطبَّق بعد على بيئة معتمدة.,api-reference,service-requests,current,,,implemented,mobile-vendor,no,no,high,21848,479,2026-08-02,2026-08-12,5,1,0
docs/api/mobile-visits-api-reference.md,move,docs/engineering/api/mobile-visits-api-reference.md,,,شاشة «زياراتي» DEC-017، مرجع للقراءة فقط ومرتبط مباشرة بدستور tasks.md وDEC-017.,api-reference,app-devices,current,,,implemented,mobile-vendor,no,no,high,10489,163,2026-08-13,2026-08-13,1,0,1
docs/APP-NOTIFICATIONS-MOBILE-HANDOFF.md,archive,docs/archive/handoffs/APP-NOTIFICATIONS-MOBILE-HANDOFF.md,,,تسليم منفَّذ فعلياً على QA؛ المرجع المعتمد صار DEC-019، فيبقى هذا الملف سجلاً تاريخياً للتسليم لفريق الموبايل.,handoff,app-notifications,stale,docs/constitution/decisions/DEC-019-app-notifications.md,,implemented,mobile-vendor,no,no,medium,13288,250,2026-08-18,2026-09-14,0,0,1
docs/APP-NOTIFICATIONS-SETUP.md,keep,docs/engineering/runbooks/APP-NOTIFICATIONS-SETUP.md,,,دليل DevOps لا يزال مطلوباً فعلياً — الإشعارات الحقيقية عبر FCM لم تُفعَّل بعد (PUSH_PROVIDER=noop).,runbook,app-notifications,current,,,partial,ops,no,no,high,12085,295,2026-08-18,2026-08-18,0,0,1
docs/constitution.rar,delete,,,,أرشيف rar بحجم 500KB لمحتوى الدستور بتاريخ 2026-06-03، وكل هذا المحتوى موجود ومُتابَع فعلياً في git داخل docs/constitution؛ نسخة مكرّرة بلا قيمة.,binary-archive,constitution,stale,docs/constitution/INDEX.md,,n/a,history,no,no,high,509393,0,2026-06-03,2026-06-03,0,0,0
docs/constitution/components/candidate-snapshot.md,keep,docs/constitution/components/candidate-snapshot.md,,,عقد مكوّن مشترك معتمد (V1) ومحدّث مؤخراً (2026-07-29)، يبقى في مكانه الصحيح ضمن components/.,component,candidate-snapshot,current,,,partial,dev,partial,partial,high,40270,447,2026-05-26,2026-07-29,0,0,0
docs/constitution/components/client-snapshot.md,keep-update,docs/constitution/components/client-snapshot.md,,,الملف يعلن حالته 'Draft — بانتظار موافقة Product Owner' لكن الكود (5 ملفات) والذاكرة (3 مراجع) تُظهر أنه منفَّذ ومستخدم فعلياً؛ تناقض حالة يحتاج تحديث رأس الملف قبل النقل.,component,client-snapshot,partially-stale,,,implemented,dev,partial,partial,medium,32051,611,2026-05-26,2026-07-29,14,5,3
docs/constitution/components/contract-snapshot.md,keep-update,docs/constitution/components/contract-snapshot.md,,,نفس الحالة: يُوسم 'Draft — بانتظار مراجعة' منذ 2026-06-05 رغم وجود استخدام فعلي بالكود (openTasks.ts وTaskContractTab.tsx)؛ يحتاج تحديث حالة لا نقل مكان.,component,contract-snapshot,partially-stale,,,partial,dev,partial,partial,medium,14823,467,2026-06-05,2026-06-05,1,2,0
docs/constitution/components/device-snapshot.md,keep-update,docs/constitution/components/device-snapshot.md,,,نفس نمط التضارب: 'Draft — بانتظار مراجعة' منذ 2026-06-05 مع استخدام فعلي بالكود وبملف migration؛ يحتاج تحديث حالة.,component,device-snapshot,partially-stale,,,partial,dev,partial,partial,medium,12698,348,2026-06-05,2026-06-05,1,3,0
docs/constitution/components/task-detail-page.md,keep,docs/constitution/components/task-detail-page.md,,,عقد عرض موحّد لصفحة تفاصيل المهمة عبر كل أنواع المهام، لا يزال Draft منذ 2026-06-22 ولا يوجد بديل له؛ يبقى في مكانه.,component,task-detail-page,partially-stale,,,partial,dev,no,partial,low,11367,125,2026-06-22,2026-06-22,1,1,0
docs/constitution/CONSTITUTION-WORKFLOW.md,keep-update,docs/constitution/standards/constitution-workflow.md,,,دليل عملية توثيق قيّم ولازال يُتبع فعلياً، لكنه ملف عملية عابرة (standard) لا فهرس، وقسم §1 (9/72 كيان) وعدّاداته أصبحت قديمة جداً مقارنة بـ INDEX.md الحالي.,standard,constitution-workflow,partially-stale,,,n/a,dev,no,no,medium,19203,528,2026-05-25,2026-06-05,1,0,0
docs/constitution/contracts/00-scope-and-method.md,keep,docs/constitution/contracts/00-scope-and-method.md,,,ملف منهجية يشرح سبب وجود المسار وحدوده، يبقى كمقدمة للمسار.,contract-track,contracts-track-scope,current,,,n/a,dev,partial,no,high,2396,57,2026-05-30,2026-06-05,1,0,0
docs/constitution/contracts/01-what-is-a-device.md,keep,docs/constitution/contracts/01-what-is-a-device.md,,,التعريف المفهومي المرجعي للجهاز؛ يتقاطع مفهومياً مع دستور installed-devices لكنه أعمق فلسفياً فيبقى كمرجع تأسيسي.,contract-track,device-definition,current,,docs/constitution/domains/installed-devices.md,implemented,dev,yes,no,high,9920,281,2026-05-30,2026-06-05,3,1,0
docs/constitution/contracts/01a-device-user-stories.md,keep,docs/constitution/contracts/01a-device-user-stories.md,,,طبقة تحليلية (قصص استخدام) يوصي README الداخلي بإبقائها منفصلة لاختبار القرارات، وليست مرجعاً أول.,contract-track,device-user-stories,current,,,n/a,dev,partial,partial,high,18030,414,2026-05-30,2026-06-05,2,0,0
docs/constitution/contracts/01b-device-entry-scenarios.md,keep,docs/constitution/contracts/01b-device-entry-scenarios.md,,,طبقة تحليلية لسيناريوهات دخول الجهاز (هدية/مؤقت/خارجي)، مفيدة لفهم قواعد العمل.,contract-track,device-entry-scenarios,current,,,n/a,dev,yes,no,medium,10026,244,2026-05-30,2026-06-05,1,0,0
docs/constitution/contracts/01c-contract-device-boundary-scenarios.md,keep,docs/constitution/contracts/01c-contract-device-boundary-scenarios.md,,,سيناريوهات خلط شائعة بين الجهاز والعقد؛ طبقة تحليلية تدعم القرارات دون أن تكون مرجعاً مستقلاً.,contract-track,contract-device-boundary,current,,,n/a,dev,yes,no,medium,12377,297,2026-05-30,2026-06-05,1,0,0
docs/constitution/contracts/01d-unified-device-contract-states.md,keep,docs/constitution/contracts/01d-unified-device-contract-states.md,,,قاموس حالات موحد للجهاز والعقد، أحدث تحديث بين ملفات المسار (2026-08-25)، و6 ملفات تشير إليه فيُبقى كمرجع أساسي.,contract-track,device-contract-states,current,,,implemented,dev,yes,no,high,32000,471,2026-05-30,2026-08-25,6,0,0
docs/constitution/contracts/01e-device-possession-ledger.md,keep,docs/constitution/contracts/01e-device-possession-ledger.md,,,تعريف سجل الحيازة التاريخي؛ مرجع أساسي حسب تصنيف README الداخلي.,contract-track,device-possession-ledger,current,,,implemented,dev,yes,no,high,9290,293,2026-05-30,2026-07-12,3,0,0
docs/constitution/contracts/01f-device-parts-and-components.md,keep,docs/constitution/contracts/01f-device-parts-and-components.md,,,قاموس مفاهيمي كامل لقطع الجهاز ومصادرها وأحداثها؛ مرجع أساسي بحسب الملف نفسه.,contract-track,device-parts-components,current,,,partial,dev,yes,no,high,30816,857,2026-05-30,2026-06-05,2,0,0
docs/constitution/contracts/01g-installation-location-glossary.md,keep,docs/constitution/contracts/01g-installation-location-glossary.md,,,معجم تعريفي لموقع التركيب وعلاقته بالحيازة والحالة التشغيلية؛ مرجع أساسي.,contract-track,installation-location,current,,,implemented,dev,yes,no,high,7581,218,2026-05-30,2026-06-05,1,0,0
docs/constitution/contracts/01h-customer-purchase-history-and-parts-stock.md,keep,docs/constitution/contracts/01h-customer-purchase-history-and-parts-stock.md,,,يفرّق بين سجل مشتريات الزبون ومخزن القطع غير المركبة؛ مرجع أساسي مستخدم في شاشة تفاصيل الزبون.,contract-track,purchase-history-parts-stock,current,,,partial,dev,yes,no,high,10058,333,2026-05-31,2026-06-05,1,0,0
docs/constitution/contracts/01i-device-technical-health-record.md,keep,docs/constitution/contracts/01i-device-technical-health-record.md,,,أحدث إضافة للمسار (يونيو-يوليو)؛ قرارات محسومة مع بداية تنفيذ (migration 305) لكن مرجع للتنفيذ اللاحق حسب الملف نفسه.,contract-track,device-technical-health,current,,,partial,dev,yes,no,high,13934,217,2026-06-21,2026-07-20,5,1,0
docs/constitution/contracts/02-what-is-a-contract.md,keep,docs/constitution/contracts/02-what-is-a-contract.md,,,يتقاطع مفهومياً بقوة مع domains/contracts.md (تعريف العقد، حالاته، الفرق عن الجهاز/الذمة) لكن بلغة فلسفية بلا جداول/API؛ الأول مصدر تقني كامل (schema+API+صلاحيات+اختبارات) والثاني سردي تأسيسي، فيصلح الثاني كمصدر ممتاز لدليل الفهم بينما يبقى الأول مرجع الحقيقة التقني. أحدث تعديل بالمسار كله (2026-09-10).,contract-track,contract-definition,current,,docs/constitution/domains/contracts.md,implemented,dev,yes,no,high,14038,402,2026-05-30,2026-09-10,3,0,0
docs/constitution/contracts/02a-contract-parties-and-participants.md,keep,docs/constitution/contracts/02a-contract-parties-and-participants.md,,,تعريف أطراف العقد والمشاركين فيه (الفرع، منشئ العقد، الوسيط، صاحب البيعة)؛ مرجع أساسي.,contract-track,contract-parties,current,,,implemented,dev,yes,no,high,19614,551,2026-05-30,2026-06-05,1,0,0
docs/constitution/contracts/02b-contract-warranties.md,keep,docs/constitution/contracts/02b-contract-warranties.md,,,مرجع أساسي للكفالات، محدّث بقسم 13 (DEC-CT-16/17) مع 3 migrations منفذة فعلياً.,contract-track,contract-warranties,current,,,implemented,dev,yes,no,high,20014,351,2026-05-30,2026-07-28,3,3,0
docs/constitution/contracts/02c-printable-electronic-contract.md,keep,docs/constitution/contracts/02c-printable-electronic-contract.md,,,أضخم ملف بالمسار (1421 سطر)؛ يعرّف قالب العقد المطبوع كاملاً بنصه القانوني، لكن النسخة V2 المطابقة له لم تُنجز بعد (راجع 06b/07 CT-IMPL-015 مفتوحة).,contract-track,printable-contract,current,,,partial,dev,partial,yes,high,53707,1421,2026-05-30,2026-06-05,3,0,0
docs/constitution/contracts/03-financial-obligations.md,keep,docs/constitution/contracts/03-financial-obligations.md,,,المرجع المالي الرئيسي (دفعة/قسط/ذمة/دفتر أستاذ)؛ استوعب فعلياً جوهر 03a بحسب نص الملفين.,contract-track,financial-obligations,current,,docs/constitution/contracts/03a-financial-ledger-and-customer-statement.md,implemented,dev,yes,no,high,32468,971,2026-05-30,2026-06-05,4,0,0
docs/constitution/contracts/03a-financial-ledger-and-customer-statement.md,merge,docs/constitution/contracts/03-financial-obligations.md,,,الملف نفسه يصرّح أن جوهره المرجعي دُمج داخل 03-financial-obligations.md وأنه بات مجرد إحالة سريعة.,stub,financial-ledger-statement,superseded,docs/constitution/contracts/03-financial-obligations.md,docs/constitution/contracts/03-financial-obligations.md,n/a,dev,no,no,high,1301,27,2026-05-30,2026-06-05,1,0,0
docs/constitution/contracts/04-operational-lifecycle.md,merge,docs/constitution/contracts/02-what-is-a-contract.md,,,الملف نفسه يصرّح أن جوهره دُمج داخل 02-what-is-a-contract.md (قسم العقد كنقطة انطلاق تشغيلية) وبات إحالة فقط.,stub,operational-lifecycle,superseded,docs/constitution/contracts/02-what-is-a-contract.md,docs/constitution/contracts/02-what-is-a-contract.md,n/a,dev,no,no,high,901,22,2026-05-30,2026-06-05,1,0,0
docs/constitution/contracts/04a-contract-cancellation-matrix.md,keep,docs/constitution/contracts/04a-contract-cancellation-matrix.md,,,مصفوفة إلغاء العقد الموحدة (مالية وتشغيلية)؛ متسقة مع project_contract_cancellation_flow المطبّق لاحقاً (migr 397).,contract-track,contract-cancellation-matrix,current,,,implemented,dev,yes,no,high,14273,229,2026-05-30,2026-06-05,1,0,0
docs/constitution/contracts/05-contract-data-map.md,keep,docs/constitution/contracts/05-contract-data-map.md,,,خريطة تنقل لتصنيف حقول العقد إلى 5 مجموعات؛ README الداخلي يصفه كفهرس حقول لا وثيقة قرار مستقلة.,contract-track,contract-data-map,current,,,n/a,dev,no,no,high,1852,71,2026-05-30,2026-06-05,1,0,0
docs/constitution/contracts/06-gaps-and-questions.md,move,docs/constitution/trackers/contracts-gaps-and-questions.md,,,قائمة أسئلة/فجوات مفتوحة خاصة بمسار العقود (بعضها محسوم بالإحالة، وبعضها ما زال مفتوحاً)؛ طبيعته tracker وليس دستوراً حياً فينقل لمجلد trackers.,tracker,contracts-gaps-questions,partially-stale,,,partial,dev,no,no,high,3552,66,2026-05-30,2026-06-05,2,0,0
docs/constitution/contracts/06a-current-implementation-audit.md,archive,docs/archive/analysis/contracts-06a-current-implementation-audit.md,,,تدقيق لحظي لحالة الكود بتاريخ 2026-06-05 استُخدم لتوليد 07 و08؛ معظم فجواته حُسمت لاحقاً (DEC-CT-01..18) فلم يعد صالحاً كمرجع حالة حية، يُؤرشف كسجل تاريخي.,audit,contracts-implementation-audit,stale,docs/constitution/contracts/08-resolved-decisions.md,,partial,dev,no,no,medium,22504,640,2026-05-30,2026-06-05,3,0,0
docs/constitution/contracts/06b-printable-sale-definitive-v2-plan.md,keep,docs/constitution/contracts/06b-printable-sale-definitive-v2-plan.md,,,خطة V2 للعقد المطبوع لا تزال تصف عملاً معلقاً فعلياً (CT-IMPL-015 حالته «مفتوحة» في 07-task-backlog)، فتبقى في مكانها كخطة نشطة لا تُؤرشف.,plan,printable-contract-v2-plan,current,,,planned,dev,no,no,high,8918,313,2026-06-05,2026-06-05,2,0,0
docs/constitution/contracts/07-task-backlog.md,move,docs/constitution/trackers/contracts-task-backlog.md,,,"باك لوج تاسكات مسار العقود؛ أغلب البنود منجزة (✅) لكن يبقى بندان مفتوحان (CT-IMPL-013, CT-IMPL-015)؛ طبيعته tracker فينقل لمجلد trackers مع بقائه نشطاً حتى إغلاق الباقي.",tracker,contracts-task-backlog,partially-stale,,,partial,dev,no,no,high,28008,459,2026-05-30,2026-07-28,3,0,0
docs/constitution/contracts/08-resolved-decisions.md,keep,docs/constitution/contracts/08-resolved-decisions.md,,,سجل قرارات DEC-CT-01..18 الخاص بمسار العقود (ترقيم داخلي منفصل عن DEC-XXX العام)؛ أحدث تعديل بكامل المسار (2026-09-10)، أعلى استشهاد داخلي (11 ملف + 4 مراجع كود)، يبقى في مكانه كمرجع القرارات لهذا المسار تحديداً.,decision,contracts-resolved-decisions,current,,,partial,dev,yes,no,high,17363,283,2026-05-30,2026-09-10,11,4,0
docs/constitution/contracts/README.md,keep-update,docs/constitution/contracts/README.md,,,فهرس/تصنيف ذاتي ممتاز لملفات المسار (استُخدم في هذا التصنيف)، لكنه يحتاج تحديثاً بعد نقل 06/07 لـtrackers وأرشفة 06a حتى تبقى روابطه وتصنيفاته صحيحة؛ به أيضاً خطأ ترقيم بسيط (رقمان 12 مكرران في ترتيب القراءة).,index,contracts-workbench-index,partially-stale,,,n/a,dev,no,no,high,9552,154,2026-05-30,2026-06-21,12,0,0
docs/constitution/CROSS-REFERENCE.md,move,docs/constitution/trackers/CROSS-REFERENCE.md,,,مرجع بنيوي مهم (18 استشهاداً واردة) وما زال صالحاً غالباً، لكن آخر تحديث 2026-06-10 وقائمة الـ72 جدول لا تعكس الدومينات المضافة لاحقاً (شكاوى، إشعارات، حركات مالية)؛ ينتقل لمجلد trackers دون تغيير مضمون فوري.,tracker,cross-reference,partially-stale,,,n/a,dev,no,no,high,40759,502,2026-05-24,2026-06-10,18,0,0
docs/constitution/decisions/DEC-001-multi-branch-client-service.md,keep-update,docs/constitution/decisions/DEC-001-multi-branch-client-service.md,,2026-09-28: تبقى الحالة «قيد المراجعة» (بانتظار موافقة رسمية من إبراهيم). يُضاف تحت الحالة سطر: «مطبّق جزئياً بالكود — migr 282 (service_branch_id)، ويبني عليه DEC-009/010/015؛ المتبقي GAP-006». لا يُعلَّم معتمداً.,حالته «⏳ قيد المراجعة» منذ 2026-05-27 ولم يُحسم رسمياً؛ أعمال لاحقة (بنية النطاق الفرعي، نقل الزبون بين الفروع) عالجت جوانب من نفس المعضلة بآلية مختلفة، ما يجعل محتواه غير مؤكد الحداثة رغم بقائه كسجل قرار غير ملغى صراحة.,decision,cross-branch-client-service,partially-stale,,,partial,dev,yes,no,high,30849,589,2026-05-27,2026-06-05,1,0,0
docs/constitution/decisions/DEC-002-contract-ownership-from-task.md,keep,docs/constitution/decisions/DEC-002-contract-ownership-from-task.md,,2026-09-28: قرار المستخدم: لا تغيير على الملف حالياً (الحالة تبقى «ينتظر التنفيذ»). ملاحظة للجرد فقط: R-1..R-9 منفّذة بالكود؛ §5 (contract_referrer_id/referrer_rewards) غير مبني.,معتمد لكنه يصرّح صراحة أنه «ينتظر التنفيذ»؛ لافت أن آخر تعديل له كان 2026-09-10 أي لا يزال قيد المتابعة رغم مرور نحو 4 أشهر دون تنفيذ فعلي.,decision,contract-ownership-task-linkage,current,,,planned,dev,partial,no,high,11191,180,2026-05-27,2026-09-10,4,0,0
docs/constitution/decisions/DEC-003-visit-task-unification.md,keep,docs/constitution/decisions/DEC-003-visit-task-unification.md,,,قرار تأسيسي معتمد ومنفَّذ (توحيد الزيارة/الموعد)، منقّح لاحقاً وليس ملغى بواسطة DEC-004 (9 ملفات تحيل إليه).,decision,visit-task-unification,current,,,implemented,dev,yes,partial,high,7498,126,2026-06-05,2026-06-05,9,0,1
docs/constitution/decisions/DEC-004-visit-task-lifecycle-refinement.md,keep,docs/constitution/decisions/DEC-004-visit-task-lifecycle-refinement.md,,,ينقّح DEC-003 (7 حالات، GPS، لا إعادة جدولة) دون إلغائه؛ معتمد ومنفَّذ، ويحتوي قواعد تشغيلية واضحة تصلح لدليل ودليل تشغيل الفرق الميدانية.,decision,visit-task-lifecycle,current,,,implemented,dev,yes,yes,high,15623,298,2026-06-05,2026-06-05,8,0,1
docs/constitution/decisions/DEC-005-contact-targets-filter.md,keep,docs/constitution/decisions/DEC-005-contact-targets-filter.md,,,معتمد ومنفَّذ، وأعلى قرار استشهاداً داخلياً في الدفعة (14 ملف)؛ يوثّق drift توثيقي معروف (classification مقابل candidate_status) يستحق تصحيحاً منفصلاً لاحقاً.,decision,contact-targets-filter,current,,,implemented,dev,yes,partial,high,20390,224,2026-06-05,2026-07-30,14,0,1
docs/constitution/decisions/DEC-006-pending-resolutions-round1.md,keep,docs/constitution/decisions/DEC-006-pending-resolutions-round1.md,,,معتمد؛ يحسم 9 نقاط معلّقة من DEC-003/004/005، مع بقاء قيم seed فعلية لـsystem_lists مفتوحة (P-DEC006-01).,decision,contact-targets-pending-resolutions,current,,,partial,dev,partial,partial,medium,19674,240,2026-06-05,2026-06-05,8,0,0
docs/constitution/decisions/DEC-007-visit-structure-list-and-survey.md,keep,docs/constitution/decisions/DEC-007-visit-structure-list-and-survey.md,,,معتمد؛ يصف بدقة سلوك واجهة (زر «إضافة لائحة جديدة»، شروط اكتمال الزيارة) صالح لدليل تشغيل المشرف الميداني.,decision,visit-list-survey,current,,,implemented,dev,yes,yes,high,18730,275,2026-06-05,2026-06-05,4,1,0
docs/constitution/decisions/DEC-008-zone-study-stage.md,keep,docs/constitution/decisions/DEC-008-zone-study-stage.md,,,معتمد ومحدَّث داخلياً بنسخة v2 ضمن نفس الملف؛ يشير صراحة لخطوات تنفيذ لاحقة معلّقة (بذر صلاحيات).,decision,zone-study-stage,current,,,partial,dev,partial,partial,medium,24144,263,2026-06-15,2026-06-15,2,0,0
docs/constitution/decisions/DEC-009-eligible-task-and-contact-lifecycle.md,keep,docs/constitution/decisions/DEC-009-eligible-task-and-contact-lifecycle.md,,,معتمد و~90% منفَّذ حسب الذاكرة؛ عقد التنقية (لبنة 8/9) عُدّل جزئياً عبر DEC-015 لاحقاً دون إلغاء التعريف الجوهري لـ«المهمة المؤهلة».,decision,eligible-task-contact-lifecycle,current,,,partial,dev,yes,no,high,15145,158,2026-06-15,2026-07-30,6,0,1
docs/constitution/decisions/DEC-010-visit-task-pull.md,keep,docs/constitution/decisions/DEC-010-visit-task-pull.md,,,معتمد ومنفَّذ فعلياً (PullTaskModal، migration 318)؛ يصف بوضوح ميزة واجهة يستخدمها الفني/المشرف.,decision,visit-task-pull,current,,,implemented,dev,yes,yes,high,9404,120,2026-06-23,2026-06-23,2,0,1
docs/constitution/decisions/DEC-011-field-initiated-visit.md,keep,docs/constitution/decisions/DEC-011-field-initiated-visit.md,,,معتمد ومنفَّذ فعلياً (InstantVisitModal، migr 320/321)؛ يصف ميزة واجهة يستخدمها المشرف الميداني.,decision,field-initiated-visit,current,,,implemented,dev,yes,yes,high,6917,113,2026-06-23,2026-06-23,2,0,1
docs/constitution/decisions/DEC-012-catalog-active-state.md,keep,docs/constitution/decisions/DEC-012-catalog-active-state.md,,,مسودة معتمدة للتنفيذ على فرع devices-spare-parts-fix؛ غير مؤكد أنه أُدمج بالكامل في main.,decision,catalog-active-state,current,,,partial,dev,partial,partial,low,7919,121,2026-07-02,2026-07-02,2,0,0
docs/constitution/decisions/DEC-013-account-creation-and-app-auth.md,keep,docs/constitution/decisions/DEC-013-account-creation-and-app-auth.md,,,المرحلة 1 منفَّذة (migr 365/366) حسب الذاكرة؛ يحتوي جدول حالات موبايل صريح (Visitor/Pending/Logged-in/Suspended) ممتاز لدليل ودليل تشغيل الموبايل.,decision,account-creation-app-auth,current,,,partial,dev,yes,yes,high,25428,208,2026-07-18,2026-08-02,3,1,1
docs/constitution/decisions/DEC-014-contract-tradein-statistics.md,keep,docs/constitution/decisions/DEC-014-contract-tradein-statistics.md,,,أصغر ملف قرار في الدفعة (34 سطر)؛ معتمد وبسيط (الاستبدال تصنيف إحصائي فقط دون أثر مالي أو تشغيلي).,decision,contract-tradein-statistics,current,,,implemented,dev,partial,no,medium,1621,34,2026-07-30,2026-07-30,1,0,0
docs/constitution/decisions/DEC-015-layered-planning-curation.md,keep,docs/constitution/decisions/DEC-015-layered-planning-curation.md,,,معتمد للتنفيذ؛ يعدّل جزئياً عقد التنقية في DEC-009 (كما يشير DEC-009 نفسه) دون أن يلغيه.,decision,planning-curation-layers,current,,,partial,dev,partial,partial,medium,16754,224,2026-07-30,2026-07-30,6,0,0
docs/constitution/decisions/DEC-016-water-check-unverified-intake.md,keep,docs/constitution/decisions/DEC-016-water-check-unverified-intake.md,,,تضارب لافت: statusHint بالملف يقول «منفَّذ بالكود وغير مطبّق على بيئة» بينما ذاكرة المشروع تصنّفه «معتمد وغير منفَّذ، 3 ثغرات يجب بناؤها» — يستحق توضيحاً عند المراجعة.,decision,water-check-unverified-intake,current,,,partial,dev,yes,partial,medium,12865,116,2026-08-05,2026-08-12,1,0,1
docs/constitution/decisions/DEC-017-app-devices-and-visits.md,keep,docs/constitution/decisions/DEC-017-app-devices-and-visits.md,,,معتمد وقيد/بعد التنفيذ (ملاحظات تقنية أثناء التنفيذ مؤرَّخة حتى 2026-08-25)؛ جدول حالات صريح لما يراه العميل بالموبايل، ممتاز لدليل الفهم ودليل التشغيل.,decision,app-devices-visits,current,,,partial,dev,yes,yes,high,17279,144,2026-08-13,2026-08-25,3,0,0
docs/constitution/decisions/DEC-018-independent-complaints-domain.md,keep,docs/constitution/decisions/DEC-018-independent-complaints-domain.md,,,معتمد ومنفَّذ برمجياً لكن «غير منشور» بحسب الملف نفسه — أثر لاحقاً على DEC-019 (الإشعارات) بتعديل صريح.,decision,complaints-domain,current,,,implemented,dev,yes,partial,high,11180,190,2026-08-17,2026-08-18,2,0,0
docs/constitution/decisions/DEC-019-app-notifications.md,keep,docs/constitution/decisions/DEC-019-app-notifications.md,,,أكبر ملف قرار في الدفعة (330 سطر) ومكتمل بالكامل (7 مراحل، migrations 426-429 مطبَّقة) بحسب الملف والذاكرة معاً.,decision,app-notifications,current,,,implemented,dev,yes,partial,high,40162,330,2026-08-18,2026-09-14,2,0,1
docs/constitution/decisions/README.md,keep-update,docs/constitution/decisions/README.md,,,فهرس المجلد يسرد فقط 10 من أصل 19 قراراً (يفتقد DEC-001..008 وDEC-019)؛ فهرس القرارات في docs/constitution/INDEX.md أيضاً ناقص وبشكل أشد (3 فقط)، ما يجعل هذا الفهرس مصدراً غير موثوق حتى يُحدَّث ليشمل كل DEC-001..019.,index,decisions-index,partially-stale,,docs/constitution/INDEX.md,n/a,dev,no,no,high,2071,21,2026-05-13,2026-08-17,12,0,0
docs/constitution/domains/admin-settings.md,keep-update,docs/constitution/domains/admin-settings.md,,,ملف موسوم ⚠️ فاضي بالفهرس لكنه يحوي فعلياً قسماً حقيقياً ومحدثاً عن روابط تواصل التطبيق؛ باقي الأقسام (الأدوار، القوائم، الإعدادات) لا تزال placeholder وتحتاج استكمالاً لا حذفاً.,domain,admin-settings,partially-stale,,,partial,dev,partial,partial,high,1269,36,2026-05-13,2026-08-16,1,0,0
docs/constitution/domains/branch-scope-and-visibility-standard.md,move,docs/constitution/standards/branch-scope-and-visibility-standard.md,,,معيار هندسي عابر للدومينات (مرجع ثابت معتمد للتنفيذ، 13 مرجعاً بالكود)، مكانه الطبيعي standards/ وليس domains/.,standard,branch-scope-visibility,current,,,partial,dev,no,no,high,24000,213,2026-06-20,2026-07-27,3,13,2
docs/constitution/domains/branches.md,keep,docs/constitution/domains/branches.md,,,دستور كيان مستقر ومكتمل، معظم الثغرات المذكورة محلولة (✅) عدا GAP-048 المؤجلة، لا حاجة لتغيير.,domain,branches,current,,,implemented,dev,yes,partial,high,26936,299,2026-05-24,2026-06-15,4,0,0
docs/constitution/domains/candidates.md,keep,docs/constitution/domains/candidates.md,,,محدَّث حتى 2026-09-15 ومرتبط فعلياً بـ6 ملفات كود؛ يبقى كما هو.,domain,candidates,current,,,implemented,dev,yes,partial,high,42120,456,2026-05-24,2026-09-15,6,6,0
docs/constitution/domains/clients.md,keep,docs/constitution/domains/clients.md,,,التطبيق المرجعي (reference impl) لبروتوكول تدقيق الأقسام، محدَّث ومرتبط بأكثر الملفات إحالة (12) في الدفعة.,domain,clients,current,,,implemented,dev,yes,partial,high,51774,561,2026-05-13,2026-09-15,12,2,0
docs/constitution/domains/contracts.md,keep,docs/constitution/domains/contracts.md,,,أكبر ملفات الدومين وأكثرها إحالة (15)، يحوي ثغرات مفتوحة موسومة صراحة (GAP-079 مرحلي، GAP-078 معلّق) تستدعي متابعة لا إعادة تصنيف.,domain,contracts,current,,,partial,dev,yes,partial,high,93728,766,2026-05-13,2026-09-10,15,0,2
docs/constitution/domains/day-schedules.md,keep,docs/constitution/domains/day-schedules.md,,,تفصيل كياني لجدول day_schedules يقع كطبقة تحت planning.md (نظرة عامة على الدومين)؛ علاقة تراتبية لا تكرار، يبقيان منفصلين.,domain,day-schedules,current,,docs/constitution/domains/planning.md,implemented,dev,no,no,high,29468,400,2026-05-28,2026-05-28,3,0,0
docs/constitution/domains/devices-maintenance.md,keep-update,docs/constitution/domains/devices-maintenance.md,,,يغطي الكتالوج وقطع الغيار والخصومات (قبل التركيب) بينما installed-devices.md يغطي الجهاز بعد التركيب — حدود واضحة لا تكرار، لكن لم يُحدَّث منذ 2026-06-05 رغم تغييرات الكفالة الموحّدة وإلغاء العقود اللاحقة.,domain,devices-catalog-maintenance,partially-stale,,docs/constitution/domains/installed-devices.md,partial,dev,partial,no,medium,50745,758,2026-05-13,2026-06-05,6,0,0
docs/constitution/domains/employees.md,keep-update,docs/constitution/domains/employees.md,,,كل الثغرات (GAP-067..072) لا تزال مفتوحة بلا حل موثّق، ولم يُحدَّث الملف منذ منتصف يونيو رغم قرار نقل فرع الموظف (2026-07-26)؛ يحتاج مراجعة.,domain,employees-users,partially-stale,,,partial,dev,yes,partial,medium,41999,462,2026-05-25,2026-06-15,4,0,0
docs/constitution/domains/field-visits.md,keep,docs/constitution/domains/field-visits.md,,,الملف نفسه يصرّح أن visits.md هو المرجع الأعلى للمفاهيم الموحّدة، وهو يبقى مرجع معجم الجداول وعقد API وحالات الاختبار لكيان field_visits التفصيلي — حدود واضحة، يُبقيان معاً (keep-both).,domain,field-visits-entity,current,,docs/constitution/domains/visits.md,partial,dev,partial,partial,high,63412,554,2026-05-24,2026-09-10,13,0,0
docs/constitution/domains/geo-units.md,keep,docs/constitution/domains/geo-units.md,,,كل الثغرات المذكورة محلولة (✅) وملف مستقر، لا حاجة لتغيير.,domain,geo-units,current,,,implemented,dev,partial,no,high,31419,298,2026-05-24,2026-06-15,5,4,0
docs/constitution/domains/installed-devices.md,keep,docs/constitution/domains/installed-devices.md,,,مرجع دورة الحياة الفيزيائية للجهاز بعد البيع، منفصل بوضوح عن كتالوج devices-maintenance.md؛ يحوي ثغرة أمنية مفتوحة (GAP-ID-002) تستحق تتبعاً.,domain,installed-devices,current,,docs/constitution/domains/devices-maintenance.md,partial,dev,yes,partial,high,33102,485,2026-05-26,2026-08-25,5,0,0
docs/constitution/domains/jobs-recruitment.md,keep-update,docs/constitution/domains/jobs-recruitment.md,,,موسوم ⚠️ قديم في INDEX.md، ولم يتغيّر حجمه عملياً منذ 2026-06-05 (أكثر من 3 أشهر بلا تحديث حقيقي)؛ يحتاج مراجعة قبل اعتماده كمصدر نهائي.,domain,jobs-recruitment,stale,,,unknown,dev,yes,partial,medium,27137,720,2026-05-13,2026-06-05,5,0,0
docs/constitution/domains/open-tasks.md,keep,docs/constitution/domains/open-tasks.md,,,معجم جداول وعقد API تفصيلي لكيان open_tasks، طبقة تحت tasks.md (نظرة عامة على دورة الحياة) — لا تكرار حقيقي، يبقيان منفصلين.,domain,open-tasks-entity,current,,docs/constitution/domains/tasks.md,partial,dev,partial,partial,high,49120,433,2026-05-24,2026-07-30,12,2,0
docs/constitution/domains/org-structure.md,delete,,,,"ملف كعب فارغ فعلياً (235 بايت: قائمة Scope + ""To be filled"" فقط)، وكل مواضيعه (فروع، جغرافيا، موظفون) موثقة أصلاً بملفات دومين مستقلة كاملة؛ لا محتوى فريد يُفقد بحذفه.",stub,org-structure,empty,,,n/a,dev,no,no,high,235,18,2026-05-13,2026-06-05,1,0,0
docs/constitution/domains/permissions-engineering-standard.md,move,docs/constitution/standards/permissions-engineering-standard.md,,,"معيار هندسي ملزم (""ملزم وفعال"") يتقدّم عند التعارض على وثائق الصلاحيات الأقدم؛ مكانه الطبيعي standards/.",standard,permissions-engineering-standard,current,,,partial,dev,no,no,high,46708,480,2026-06-15,2026-09-10,11,2,3
docs/constitution/domains/permissions.md,keep-update,docs/constitution/domains/permissions.md,,,معجم جداول وعقد API لنظام الصلاحيات لم يُحدَّث منذ 2026-06-15، بينما permissions-engineering-standard.md الأحدث يتقدم عليه صراحةً عند التعارض؛ يحتاج توحيد مصدر الحقيقة (يطابق backlog SH-1 بالذاكرة).,domain,permissions-roles-entity,partially-stale,,docs/constitution/domains/roles-and-permissions.md;docs/constitution/domains/permissions-engineering-standard.md,partial,dev,no,no,medium,62722,527,2026-05-13,2026-06-15,9,0,1
docs/constitution/domains/planning.md,keep,docs/constitution/domains/planning.md,,,نظرة عامة على دومين التخطيط وأعلى الملفات إحالة في الدفعة (17)، تشكّل مظلة فوق الملفات الكيانية الثلاثة التابعة — علاقة طبقات لا تكرار.,domain,planning-overview,current,,docs/constitution/domains/day-schedules.md;docs/constitution/domains/route-assignments.md;docs/constitution/domains/routes.md,implemented,dev,yes,no,high,29104,424,2026-05-13,2026-07-30,17,1,1
docs/constitution/domains/README.md,merge,docs/constitution/INDEX.md,,,فهرس فرعي متقادم يعرض 13 دومين فقط من أصل 30 ملف فعلي في المجلد، يجب دمجه ضمن INDEX.md الوحيد بدل بقائه فهرساً موازياً.,index,domains-index,stale,,docs/constitution/INDEX.md,n/a,dev,no,no,high,1634,23,2026-05-13,2026-08-02,12,0,0
docs/constitution/domains/reporting-analytics.md,keep,docs/constitution/domains/reporting-analytics.md,,,أكبر ملف بالدفعة (908 سطر) بخارطة طريق مرحلية صريحة، أجزاء منفَّذة (P0 + قمع + KPIs) وأخرى غير مبنية بعد (دونات/شارات/cron)، يطابق ما هو موثق بالذاكرة.,domain,reporting-analytics,current,,,partial,dev,partial,no,high,119627,908,2026-07-01,2026-09-07,10,2,1
docs/constitution/domains/roles-and-permissions.md,keep,docs/constitution/domains/roles-and-permissions.md,,,أحدث ملف بكامل الدفعة (2026-09-27) ويشرح كل دور بسيناريوهات عملية واقعية — مصدر ممتاز لدليل العميل ودليل التشغيل، بعكس permissions.md المرجعي المخططي.,domain,roles-scenarios,current,,docs/constitution/domains/permissions.md,implemented,dev,yes,yes,high,23344,364,2026-06-06,2026-09-27,2,0,0
docs/constitution/domains/route-assignments.md,keep,docs/constitution/domains/route-assignments.md,,,"موسوم صراحة ""implementation-aligned as of 2026-07-30""، طبقة كيانية تحت planning.md، لا تكرار.",domain,route-assignments,current,,docs/constitution/domains/planning.md;docs/constitution/domains/routes.md,implemented,dev,no,no,high,20119,241,2026-05-28,2026-07-30,3,0,0
docs/constitution/domains/routes.md,keep,docs/constitution/domains/routes.md,,,مرجع كياني لجدولي routes وroute_points؛ إحالات قليلة (1) لكن لا مبرر لدمجه أو نقله.,domain,routes-geo,current,,docs/constitution/domains/planning.md;docs/constitution/domains/route-assignments.md,implemented,dev,no,no,medium,15090,221,2026-05-28,2026-06-16,1,0,0
docs/constitution/domains/section-audit-protocol.md,move,docs/constitution/standards/section-audit-protocol.md,,,بروتوكول ملزم وفعّال لتدقيق واختبار أقسام السجلات (معيار مؤسسي مؤكد بالذاكرة)، مكانه الطبيعي standards/ لا domains/.,standard,section-audit-protocol,current,,,implemented,dev,no,no,high,12421,106,2026-06-18,2026-06-18,4,0,2
docs/constitution/domains/tasks-unified.md,move,docs/constitution/features/tasks/tasks-unified-template.md,,,يوثّق قالب واجهة صفحة تفاصيل المهمة (تابات، تخطيط، كيفية إضافة نوع مهمة جديد) لا دورة حياة الدومين نفسها؛ أقرب لملفات features/tasks/ من domains/.,feature,task-detail-ui-template,current,,docs/constitution/domains/tasks.md,implemented,dev,no,yes,medium,21149,309,2026-05-24,2026-07-12,2,1,0
docs/constitution/domains/tasks.md,keep,docs/constitution/domains/tasks.md,,,أعلى ملف إحالة بالدفعة (28) ويشرح المراحل والحالات وقرارات D5-D22؛ وسم ⚠️ قديم في INDEX.md يعود لنسخة أقدم بحجم أصغر بكثير (17KB مقابل 31.5KB حالياً) فالوسم متجاوَز.,domain,tasks-lifecycle,current,,docs/constitution/domains/open-tasks.md;docs/constitution/domains/tasks-unified.md,implemented,dev,yes,no,medium,31558,584,2026-05-13,2026-06-05,28,2,4
docs/constitution/domains/telemarketing.md,keep,docs/constitution/domains/telemarketing.md,,,محدَّث حتى 2026-09-27 ويعكس أحدث قرارات DEC-005/006 حول cooldown والفلترة والوعي عبر الفرق.,domain,telemarketing,current,,,implemented,dev,yes,partial,high,54532,523,2026-05-13,2026-09-27,15,0,2
docs/constitution/domains/visits.md,keep,docs/constitution/domains/visits.md,,,أعلى ملف إحالة على الإطلاق بالدفعة (30) ومرجع دورة حياة الزيارة الموحّدة؛ وسم ⚠️ قديم في INDEX.md (202 سطر) متجاوَز فعلياً (المحتوى الحالي 390 سطراً بعد سلسلة قرارات DEC-007).,domain,visits-lifecycle,current,,docs/constitution/domains/field-visits.md,implemented,dev,yes,partial,medium,33098,390,2026-05-13,2026-07-23,30,1,4
docs/constitution/domains/web-device-access-policy.md,move,docs/constitution/standards/web-device-access-policy.md,,,سياسة تشغيلية مطبَّقة فعلياً (migration 403) بلا أي إحالات من ملفات أخرى؛ معيار عرضي مكانه standards/ لا domains/.,standard,web-device-access-policy,current,,,implemented,dev,no,no,high,7997,103,2026-08-02,2026-08-02,0,0,0
docs/constitution/domains/work-scopes.md,keep-update,docs/constitution/domains/work-scopes.md,,,لم يُحدَّث منذ 2026-05-28 وإحالاته قليلة (4)؛ يحتاج تأكيد تطابقه مع planning.md وroute-assignments.md الأحدث منه بكثير.,domain,work-scopes,partially-stale,,,unknown,dev,no,no,low,16169,251,2026-05-28,2026-05-28,4,0,0
docs/constitution/features/account-creation-and-app-auth.md,keep,docs/constitution/features/account-creation-and-app-auth.md,,,توصيف مسودة لكن الـ backend المرتبط (migrations 365/366) منفَّذ فعلاً؛ يبقى وسيُحدَّث تباعاً مع طبقة الـ OTP القادمة.,feature,account-creation-app-auth,current,,,partial,dev,yes,partial,high,28414,236,2026-07-18,2026-08-05,4,2,1
docs/constitution/features/complaints.md,keep,docs/constitution/features/complaints.md,,,دستور معتمد ومنفَّذ برمجياً (V1) وإن كان غير منشور بعد؛ لا تعارض ملحوظ.,feature,complaints,current,,,implemented,dev,yes,partial,high,15491,254,2026-08-17,2026-08-17,4,0,0
docs/constitution/features/contact-targets-eligibility-filter.md,keep,docs/constitution/features/contact-targets-eligibility-filter.md,,,توثيق تقني دقيق مأخوذ من قراءة الكود الفعلي (SQL/predicates)؛ محتوى تقني بحت لا يصلح للدليل أو الدليل التشغيلي.,feature,contact-targets-eligibility,current,,,implemented,dev,no,no,high,15677,306,2026-06-05,2026-06-16,1,0,0
docs/constitution/features/device-delivery-task.md,merge,docs/constitution/features/tasks/device-delivery.md,,,مُعلَّم ⚠️ قديم في INDEX.md ويكرر نفس فيتشر tasks/device-delivery.md الأحدث بنيةً (نمط القالب الموحد)؛ يُدمَج قسما DD-G001/DD-G002 ثم يُؤرشف.,task-type,device-delivery,partially-stale,,docs/constitution/features/tasks/device-delivery.md,partial,dev,partial,yes,medium,11326,226,2026-05-24,2026-08-25,1,0,0
docs/constitution/features/device-demo.md,keep-update,docs/constitution/features/device-demo.md,,,يوثق طبقة الشاشة/الفلاتر ونمط الـ Plugin (آخر تحديث 2026-06-05) بينما انتقل تعريف نتائج المهمة نفسها إلى tasks/device-demo.md الأحدث (2026-09-10)؛ يبقى مع تقليم الأقسام المكررة.,feature,device-demo,partially-stale,,docs/constitution/features/tasks/device-demo.md,partial,dev,partial,yes,medium,10444,210,2026-05-13,2026-06-05,5,4,0
docs/constitution/features/device-installation-task.md,move,docs/constitution/features/tasks/device-installation.md,,,معلَّم ⚠️ قديم في INDEX.md رغم أنه المرجع الوحيد لمهمة التركيب؛ لا يوجد بديل في tasks/ لذا يُنقل ويُعاد تسميته ليطابق نمط باقي أنواع المهام (بلا لاحقة -task).,task-type,device-installation,partially-stale,,,partial,dev,partial,yes,medium,18648,449,2026-05-24,2026-06-05,1,1,0
docs/constitution/features/gifts-ui-implementation-plan.md,keep,docs/constitution/features/gifts-ui-implementation-plan.md,,,خطة مراحل واجهة الهدايا ما زالت قيد المطابقة مع التنفيذ الفعلي (migr 332 غير مطبقة بعد حسب الذاكرة)؛ عمل معلّق فتبقى في مكانها.,plan,gifts-ui-plan,partially-stale,,,partial,dev,no,partial,medium,15586,362,2026-06-27,2026-07-27,0,0,1
docs/constitution/features/gifts.md,keep,docs/constitution/features/gifts.md,,,دستور شامل ومعتمد (579 سطر) بتفاصيل واجهات مرجعية كاملة؛ التنفيذ شبه مكتمل مع فجوة migr 332 واحدة فقط.,feature,gifts,current,,,partial,dev,yes,yes,high,37146,579,2026-06-27,2026-07-27,1,2,1
docs/constitution/features/Jobs & Recruitment Features/applications.md,move,docs/constitution/features/jobs/applications.md,,,دستور فيتشر معتمد ومرتبط بكود فعلي (اختبار applicationAttachmentPolicy)؛ ينقل فقط لتنظيف اسم المجلد (مسافة و&) إلى features/jobs/.,feature,job-applications,current,,,implemented,dev,yes,partial,high,15168,306,2026-05-13,2026-07-23,1,1,0
docs/constitution/features/Jobs & Recruitment Features/interviews.md,move,docs/constitution/features/jobs/interviews.md,,,دستور فيتشر معتمد ومكتمل البنية (عقد تشغيلي وتقني)؛ ينقل فقط ضمن إعادة تسمية المجلد إلى features/jobs/.,feature,job-interviews,current,,,implemented,dev,yes,partial,high,5143,101,2026-05-13,2026-06-05,1,0,0
docs/constitution/features/Jobs & Recruitment Features/manual-application-entry.md,move,docs/constitution/features/jobs/manual-application-entry.md,,,يصف مساراً تشغيلياً فعلياً (شاشة ManualApplicationEntry.tsx مذكورة بملف آخر بالدفعة)؛ ينقل ضمن تنظيف المجلد إلى features/jobs/.,feature,manual-application-entry,current,,,implemented,dev,yes,yes,high,4556,67,2026-05-13,2026-07-23,1,0,0
docs/constitution/features/Jobs & Recruitment Features/public-jobs.md,move,docs/constitution/features/jobs/public-jobs.md,,,دستور فيتشر معتمد؛ ينقل فقط ضمن إعادة تسمية المجلد إلى features/jobs/.,feature,public-jobs,current,,,implemented,dev,yes,partial,high,3896,64,2026-05-13,2026-07-22,1,0,0
docs/constitution/features/Jobs & Recruitment Features/README.md,archive,docs/archive/superseded/features-jobs-recruitment-README.md,,,فهرس فرعي قديم يكرر نسخة أقدم من features/README.md بدون أي إضافة، والمجلد نفسه سيُعاد تسميته إلى features/jobs/.,index,jobs-features-index,superseded,docs/constitution/features/README.md,docs/constitution/features/README.md,n/a,dev,no,no,high,788,24,2026-05-13,2026-06-05,12,0,0
docs/constitution/features/Jobs & Recruitment Features/training-courses.md,move,docs/constitution/features/jobs/training-courses.md,,,يوثق مسارات نتائج تدريب فعلية (Passed/Retraining/Rejected/Retreated)؛ ينقل ضمن تنظيف المجلد إلى features/jobs/.,feature,training-courses,current,,,implemented,dev,yes,yes,high,7470,148,2026-05-13,2026-06-05,1,0,0
docs/constitution/features/Jobs & Recruitment Features/vacancies.md,move,docs/constitution/features/jobs/vacancies.md,,,دستور فيتشر معتمد؛ ينقل فقط ضمن إعادة تسمية المجلد إلى features/jobs/.,feature,vacancies,current,,,implemented,dev,yes,partial,high,7628,134,2026-05-13,2026-07-22,1,0,0
docs/constitution/features/marketing-visits.md,archive,docs/archive/superseded/marketing-visits.md,,,"21 سطراً فقط، مجرد لائحة نطاق و""مطلوب استكماله"" بلا محتوى فعلي، ومُعلَّم ⚠️ قديم في INDEX.md؛ محتواه استُبدل فعلياً بـ unified-visit-model.md وvisit-detail-page-constitution.md.",stub,marketing-visits,superseded,docs/constitution/features/unified-visit-model.md,docs/constitution/features/unified-visit-model.md;docs/constitution/features/visit-detail-page-constitution.md,n/a,dev,no,no,high,540,21,2026-05-13,2026-06-05,4,0,0
docs/constitution/features/open-tasks.md,keep,docs/constitution/features/open-tasks.md,,,12 إحالة واردة (تحتاج تحديث روابط عند أي نقل)؛ يبدو مكمّلاً لا مطابقاً لـ domains/open-tasks.md — الأول قواعد فلترة/تحديث تشغيلية والثاني نموذج الكيان، يُنصح بمراجعة الفريق المسؤول عن دفعة domains للتأكد من عدم التكرار الفعلي.,feature,open-tasks,current,,docs/constitution/domains/open-tasks.md,implemented,dev,yes,partial,medium,8709,190,2026-05-13,2026-07-30,12,2,0
docs/constitution/features/planning-contact-targets.md,keep,docs/constitution/features/planning-contact-targets.md,,,معلَّم ⚠️ قديم في INDEX.md لكن آخر تعديل فعلي 2026-07-30 ومحتواه غني بقواعد PC-R001..013 محدثة و11 إحالة واردة؛ يبدو أن علامة INDEX لم تُحدَّث لا أن المحتوى فعلاً قديم.,feature,planning-contact-targets,current,,,implemented,dev,yes,partial,medium,28241,375,2026-05-13,2026-07-30,11,0,0
docs/constitution/features/README.md,keep-update,docs/constitution/features/README.md,,,فهرس الفيتشرات الرئيسي (12 إحالة واردة)؛ يبقى بمكانه لكنه يحتاج تحديث بعد نقل توظيف/تركيب/تسليم وإعادة تسمية مجلد Jobs.,index,features-index,partially-stale,,,n/a,dev,no,no,high,1035,28,2026-05-13,2026-08-17,12,0,0
docs/constitution/features/route-assignment.md,keep,docs/constitution/features/route-assignment.md,,,دستور مكتمل ومحدَّث (آخر تعديل 2026-07-30) بقواعد RA-R001..007 وسجل تغييرات؛ لا مشاكل ظاهرة.,feature,route-assignment,current,,,implemented,dev,yes,partial,high,20763,331,2026-05-13,2026-07-30,5,0,0
docs/constitution/features/task-definition-constitution.md,archive,docs/archive/superseded/task-definition-constitution.md,,,"الملف نفسه يحمل تحذير صريح ""متجاوز — استُبدل بـ unified-task-template.md"" بتاريخ 2026-06-01؛ لا حاجة لأي تحقق إضافي.",template,task-definition-template,superseded,docs/constitution/templates/unified-task-template.md,docs/constitution/features/unified-task-template.md,n/a,dev,no,no,high,2306,26,2026-05-24,2026-06-05,1,0,0
docs/constitution/features/task-reference-template.md,archive,docs/archive/superseded/task-reference-template.md,,,"قالب أقدم بنمط أقسام مختلف (أ/ب/ج/د) سبق نظام ""14 محور"" المعتمد في unified-task-template.md؛ 3 ملفات تحيل إليه فتحتاج تصحيح روابط عند الأرشفة.",template,task-documentation-template,superseded,docs/constitution/templates/unified-task-template.md,docs/constitution/features/unified-task-template.md,n/a,dev,no,no,medium,10748,217,2026-05-18,2026-06-05,3,0,0
docs/constitution/features/tasks/device-activation.md,keep,docs/constitution/features/tasks/device-activation.md,,,يتبع القالب الموحد بالكامل (14 محوراً) وحالته Active معتمدة؛ لا تعارض.,task-type,device-activation,current,,,implemented,dev,yes,partial,high,13205,235,2026-06-10,2026-07-12,1,0,0
docs/constitution/features/tasks/device-checkup.md,keep,docs/constitution/features/tasks/device-checkup.md,,,ملف قصير مكتمل البنية بقرار مثبت في النهاية، لكن بلا أي إحالات كود أو وثائق تؤكد التنفيذ الفعلي.,task-type,device-checkup,current,,,unknown,dev,yes,partial,medium,3053,113,2026-06-27,2026-06-27,0,0,0
docs/constitution/features/tasks/device-delivery.md,keep-update,docs/constitution/features/tasks/device-delivery.md,,,هو النسخة الأحدث بنيةً (قالب موحد بـ14 محوراً، 405 سطر) لنفس فيتشر device-delivery-task.md القديم؛ يبقى صاحب المكان الرسمي بعد استيعاب أي محتوى فريد (DD-G001/002) من الملف القديم.,task-type,device-delivery,current,,docs/constitution/features/device-delivery-task.md,partial,dev,yes,yes,medium,20767,405,2026-06-05,2026-08-25,5,0,0
docs/constitution/features/tasks/device-demo.md,keep,docs/constitution/features/tasks/device-demo.md,,,أحدث ملف في كامل الدفعة (آخر تعديل 2026-09-10) ومرتبط بكود فعلي (migration 235 + visitTaskResultReflection.ts)؛ هو المرجع الرسمي لتعريف المهمة.,task-type,device-demo,current,,docs/constitution/features/device-demo.md,implemented,dev,yes,yes,high,21986,316,2026-06-05,2026-09-10,5,4,0
docs/constitution/features/tasks/device-disconnection.md,keep,docs/constitution/features/tasks/device-disconnection.md,,,"الملف نفسه يصرّح ""توثيق مفاهيمي فقط، غير منفَّذ برمجياً""؛ يبقى كمرجع تخطيطي حتى ينفَّذ.",task-type,device-disconnection,partially-stale,,,planned,dev,yes,partial,high,15765,317,2026-06-23,2026-06-23,1,0,0
docs/constitution/features/tasks/device-retrieval.md,keep,docs/constitution/features/tasks/device-retrieval.md,,,"موسوم ""Draft — توثيق دستوري مفاهيمي"" بدون إحالات كود؛ عمل تخطيطي لم يُنفَّذ بعد.",task-type,device-retrieval,partially-stale,,,planned,dev,yes,partial,high,11708,280,2026-06-23,2026-06-27,1,0,0
docs/constitution/features/tasks/device-return.md,keep,docs/constitution/features/tasks/device-return.md,,,موسوم Draft تشغيلي بدون أي إحالات؛ لم يظهر ما يثبت التنفيذ.,task-type,device-return,partially-stale,,,planned,dev,yes,partial,medium,4304,155,2026-06-27,2026-06-27,0,0,0
docs/constitution/features/tasks/device-transfer.md,keep,docs/constitution/features/tasks/device-transfer.md,,,ملف مختصر يحوي قرارات مثبتة بنهايته؛ لا مؤشر تعارض لكن لا دليل تنفيذ برمجي قاطع أيضاً.,task-type,device-transfer,current,,,unknown,dev,yes,partial,medium,6781,160,2026-06-23,2026-07-28,1,0,0
docs/constitution/features/tasks/gift-delivery.md,keep,docs/constitution/features/tasks/gift-delivery.md,,,معتمد دستورياً ومنفَّذ برمجياً حسب آخر تسوية منتج 2026-07-26؛ متوافق مع gifts.md الأوسع.,task-type,gift-delivery,current,,,implemented,dev,yes,yes,high,21004,420,2026-06-27,2026-07-27,1,0,1
docs/constitution/features/tasks/installment-collection.md,keep,docs/constitution/features/tasks/installment-collection.md,,,موسوم Draft مبني على نقاش منتج 2026-06-22 بدون إحالات كود تؤكد التنفيذ الفعلي حتى الآن.,task-type,installment-collection,partially-stale,,,planned,dev,yes,partial,medium,25171,493,2026-06-23,2026-06-23,0,0,0
docs/constitution/features/tasks/maintenance-implementation-plan.md,archive,docs/archive/plans/maintenance-implementation-plan.md,,,خطة تقنية مجمَّدة منذ يوم إنشائها 2026-06-05 (لم تُحدَّث لاحقاً) بينما استمر تطوّر maintenance.md وmaintenance-v1.md بعدها بأشهر — مؤشر قوي أن مراحلها الثمانية نُفِّذت وتم تجاوزها.,plan,emergency-maintenance-plan,superseded,docs/constitution/features/tasks/maintenance.md,,implemented,dev,no,no,medium,25079,553,2026-06-05,2026-06-05,2,0,0
docs/constitution/features/tasks/maintenance-test-scenarios.md,archive,docs/archive/plans/maintenance-test-scenarios.md,,,35 سيناريو اختبار مجمَّد بنفس تاريخ خطة التنفيذ (2026-06-05) ولم يُحدَّث منذ ذلك؛ يُرجَّح أنه أُنجز أو استُبدل بنطاق أوسع في maintenance.md/periodic-maintenance.md، يُستحسن التحقق من وجود اختبارات فعلية مطابقة قبل الحذف النهائي.,test-scenarios,emergency-maintenance-tests,stale,,,unknown,dev,no,no,medium,38930,865,2026-06-05,2026-06-05,4,0,0
docs/constitution/features/tasks/maintenance-v1.md,keep,docs/constitution/features/tasks/maintenance-v1.md,,2026-09-28: يبقى منفصلاً = النطاق المنفّذ حالياً (4 ملفات كود تشير لأقسامه). المصدر الأول لدليل التشغيل للصيانة الطارئة.,نسخة V1.0 قابلة للتنفيذ مرتبطة بملفات كود فعلية حية (createService.ts وNewServiceRequestModal.tsx)، لكنها تكرر مادة maintenance.md الأشمل؛ قرار الدمج يحتاج مراجعة بشرية دقيقة لأن الكود ما زال يعتمد عليها.,task-type,emergency-maintenance-v1,partially-stale,,,implemented,dev,partial,yes,high,18332,262,2026-06-06,2026-07-12,0,4,0
docs/constitution/features/tasks/maintenance.md,keep-update,docs/constitution/features/tasks/maintenance.md,,2026-09-28: يبقى الدستور الكامل؛ يُضاف سطر بأوله يشير إلى maintenance-v1.md كنطاق منفّذ حالياً.,"أضخم ملف بالدفعة (1684 سطراً) وأعلى إحالات كود (24، مثل migrations 239-243)، وهو المرجع الجوهري لصيانتَي الطارئة والدورية رغم وسمه الداخلي ""Discussion Draft"" المتناقض مع اعتماديته الفعلية الواسعة.",task-type,maintenance,partially-stale,,,partial,dev,yes,partial,medium,143833,1684,2026-06-05,2026-08-11,13,24,2
docs/constitution/features/tasks/periodic-maintenance.md,keep,docs/constitution/features/tasks/periodic-maintenance.md,,,تحليل مخصص للصيانة الدورية يُكمِّل maintenance.md عمداً (يُسمّى في الذاكرة بأنه يتجاوز الطبقة 3 منه)، مع مرحلة 1 مطبّقة فعلاً (migration 327)؛ ليس تكراراً بل تخصيصاً مقصوداً.,task-type,periodic-maintenance,current,,,partial,dev,yes,partial,high,61914,543,2026-06-27,2026-08-11,1,1,2
docs/constitution/features/team-scheduling.md,keep-update,docs/constitution/features/team-scheduling.md,,,مُعلَّم ⚠️ قديم في INDEX.md وآخر تعديل فعلي منذ 2026-06-05 (الأقدم نسبياً بين ملفات مشابهة) رغم 7 إحالات واردة؛ يحتاج مراجعة وتحديث لا أرشفة.,feature,team-scheduling,partially-stale,,,implemented,dev,yes,partial,medium,4166,91,2026-05-13,2026-06-05,7,0,0
docs/constitution/features/telemarketing-appointments.md,keep,docs/constitution/features/telemarketing-appointments.md,,,دستور مكتمل بقواعد دورة حياة وتشغيل (AP-L/AP-R) وسلوك واجهة مفصّل لثلاث شاشات فعلية؛ لا تعارض.,feature,telemarketing-appointments,current,,,implemented,dev,yes,yes,high,23532,349,2026-05-13,2026-06-05,6,0,0
docs/constitution/features/unified-task-creation-guide.md,move,docs/engineering/runbooks/unified-task-creation-guide.md,,,دليل خطوات هندسية (DB → backend → frontend → تحديث الدستور) لإضافة نوع مهمة جديد، وليس دستور فيتشر؛ مكانه الطبيعي دليل التشغيل الهندسي لا مجلد features.,runbook,task-type-dev-guide,current,,,n/a,dev,no,no,medium,7348,195,2026-05-24,2026-06-05,0,0,0
docs/constitution/features/unified-task-template.md,move,docs/constitution/templates/unified-task-template.md,,,القالب المرجعي المعتمد (14 محوراً) الذي تتبعه كل ملفات tasks/*.md وحل محل task-definition-constitution.md وtask-reference-template.md؛ مكانه الطبيعي constitution/templates/ (9 إحالات واردة تحتاج تصحيح روابط).,template,task-type-template,current,,,n/a,dev,no,no,high,12662,203,2026-06-05,2026-07-27,9,2,0
docs/constitution/features/unified-visit-model.md,keep,docs/constitution/features/unified-visit-model.md,,,أحدث ملف تعديلاً في الدفعة (2026-09-10) وهو النموذج الجوهري لكل الزيارات؛ ما زال يحوي فجوات legacy موثَّقة (UV-G001..004) صراحة.,feature,visit-model,current,,,partial,dev,yes,partial,high,27385,406,2026-05-24,2026-09-10,9,0,2
docs/constitution/features/visit-detail-page-constitution.md,keep,docs/constitution/features/visit-detail-page-constitution.md,,,دستور شاشة تفاصيل الزيارة (مراجعة ٢) يوثق كل قسم مرئي بدقة (snapshot، فريق، لائحة أسماء، مهام)؛ يحتاج migration واحدة معلَّقة (٨.٢) فقط.,feature,visit-detail-page,current,,,partial,dev,partial,yes,high,23721,424,2026-05-24,2026-08-02,7,0,0
docs/constitution/features/zone-study.md,keep,docs/constitution/features/zone-study.md,,,دستور v2 شامل ومرتبط بكود فعلي (zoneStudy.ts) مع قائمة ثغرات GAP-ZS موثقة؛ لا تعارض.,feature,zone-study,current,,,implemented,dev,yes,partial,high,40481,652,2026-06-15,2026-07-12,2,1,0
docs/constitution/features/توثيق الزبون.md,move,docs/constitution/features/client-documentation.md,,,"اسم عربي غير عملي لمسار ملف (توثيق الزبون = client documentation)؛ محتواه مسودة معزولة (0 إحالات) توحّد عقد ""الوسيط/المُحيل"" وتقيّم تطابق 8 شاشات فعلية (69-93/100)؛ يُنقل باسم إنجليزي واضح مع الإبقاء عليه كدستور فيتشر مسودة.",feature,client-referrer-documentation,partially-stale,,,partial,dev,yes,yes,medium,28712,428,2026-05-18,2026-06-05,0,0,0
docs/constitution/GAPS-TRACKER.md,move,docs/constitution/trackers/GAPS-TRACKER.md,,,المتعقب الحي الرئيسي للثغرات، محدّث حتى 2026-09-10 وبأعلى عدد استشهادات واردة (20)؛ ينتقل فقط لمجلد trackers، لا تغيير بالمحتوى.,tracker,gaps-tracker,current,,,n/a,dev,no,no,high,102488,1078,2026-05-24,2026-09-10,20,0,0
docs/constitution/handoffs/2026-05-11-planning-appointments-handoff.md,archive,docs/archive/handoffs/2026-05-11-planning-appointments-handoff.md,,,تسليم عمل منجز من منتصف 2026-05، تجاوزته قرارات لاحقة (DEC-009 إلى DEC-011) في دستور الزيارات والتخطيط؛ يُؤرشف كسجل تاريخي.,handoff,planning-appointments,superseded,,,implemented,history,no,no,medium,7563,182,2026-05-13,2026-06-05,1,0,0
docs/constitution/handoffs/2026-05-12-p1-p4-findings-handoff.md,archive,docs/archive/handoffs/2026-05-12-p1-p4-findings-handoff.md,,,رغم وصفه الداخلي 'مرجع دستوري نهائي' فهو تسليم نتائج جلسة تدقيق منتهية (p1-p4)؛ حسب القاعدة كل Handoff منجز يُؤرشف، ومحتواه المُلزم يفترض أنه انتقل فعلاً لدساتير الكيانات.,handoff,audit-findings,superseded,,,implemented,history,no,no,medium,10128,188,2026-05-13,2026-06-05,2,0,0
docs/constitution/handoffs/2026-06-10-legacy-cleanup-handoff.md,archive,docs/archive/handoffs/2026-06-10-legacy-cleanup-handoff.md,,,خطة عمل لتاريخ 2026-06-24 منتهية الصلاحية زمنياً، وموضوعها (تنظيف legacy وترحيل telemarketing_appointments) متابع الآن عبر GAPS-TRACKER (GAP-075..078)؛ يُؤرشف.,handoff,legacy-cleanup,superseded,,,implemented,history,no,no,high,13574,239,2026-06-10,2026-06-10,4,0,0
docs/constitution/hermes/CODE_MAP.md,archive,docs/archive/hermes/CODE_MAP.md,,,ملف ذاكرة مساعد AI باسم 'Hermes' من 2026-06-06 فقط ولم يُحدَّث منذ ذلك، ويغطي 20 ملف كود فقط؛ ذاكرة مساعد منتهية الصلاحية.,other,code-map,stale,,,n/a,history,no,no,high,3849,65,2026-06-06,2026-06-06,1,0,0
docs/constitution/hermes/DECISION_LOG.md,archive,docs/archive/hermes/DECISION_LOG.md,,,سجل قرارات مختصر (7 قرارات) توقف عند 2026-06-06، بينما decisions/ الحقيقي الآن يضم قرارات حتى DEC-019 (2026-08-17)؛ نسخة قديمة من نفس الفكرة.,tracker,decisions,stale,docs/constitution/decisions/README.md,docs/constitution/decisions/README.md,n/a,history,no,no,high,4725,96,2026-06-06,2026-06-06,1,0,0
docs/constitution/hermes/ENTITY_CHEAT_SHEET.md,archive,docs/archive/hermes/ENTITY_CHEAT_SHEET.md,,,لقطة مختصرة لحقول 22 كياناً من 2026-06-06، يغطيها الآن CROSS-REFERENCE.md §5 (جرد 72 جدول) بشكل أوسع وأحدث.,snapshot,entity-cheat-sheet,stale,docs/constitution/CROSS-REFERENCE.md,docs/constitution/CROSS-REFERENCE.md,n/a,history,no,no,high,9745,212,2026-06-06,2026-06-06,1,0,0
docs/constitution/hermes/GAPS_QUICKREF.md,archive,docs/archive/hermes/GAPS_QUICKREF.md,,,نسخة مختصرة من الثغرات (15 فقط) من 2026-06-06، بينما GAPS-TRACKER.md الحقيقي يضم الآن أكثر من 80 ثغرة محدّثة حتى 2026-09-10؛ مكرر قديم بالكامل.,tracker,gaps-tracker,superseded,docs/constitution/GAPS-TRACKER.md,docs/constitution/GAPS-TRACKER.md,partial,history,no,no,high,4250,91,2026-06-06,2026-06-06,1,0,0
docs/constitution/hermes/MASTER.md,archive,docs/archive/hermes/MASTER.md,,,فهرس دخول رابع (مساعد ذاكرة 'Hermes') من 2026-06-06 لم يُحدَّث منذ ذلك؛ فهرس منافس قديم يُستبدل بـ INDEX.md.,index,index,superseded,docs/constitution/INDEX.md,docs/constitution/INDEX.md,n/a,history,no,no,high,2446,54,2026-06-06,2026-06-06,2,0,0
docs/constitution/hermes/MEMORY.md,archive,docs/archive/hermes/MEMORY.md,,,ملاحظات بيئة سيرفر مساعد AI من 2026-06-06، محتواها التشغيلي (بيئة التطوير المحلية) بات موثقاً في مكان آخر أحدث خارج docs/؛ يُؤرشف كذاكرة قديمة.,snapshot,dev-environment,stale,,,n/a,history,no,no,medium,2663,85,2026-06-06,2026-06-06,1,0,0
docs/constitution/INDEX.md,keep-update,docs/constitution/INDEX.md,,,هذا هو الفهرس الأغنى والأحدث (حتى 2026-08-18) وينبغي أن يبقى الفهرس المطوّر الوحيد؛ لكنه يحتوي تكراراً فعلياً لنفس القسمين (قواعد التنقل + الأرشيف) مرتين بنهاية الملف، ويحتاج دمج محتوى README.md فيه وتحديث حالات ⚠️ قديم/فاضي.,index,index,partially-stale,,,n/a,dev,no,no,high,14701,213,2026-05-24,2026-08-18,15,0,0
docs/constitution/plans/2026-05-31-execution-plan.md,archive,docs/archive/plans/2026-05-31-execution-plan.md,,,الخطة الأصلية لقرارات DEC-003/004/005؛ سجل التنفيذ اللاحق يوثّق أنها نُفّذت عبر المراحل 0-8، فتبقى سجلاً تاريخياً.,plan,visit-task-unification,stale,docs/constitution/plans/2026-06-01-implementation-status.md,,implemented,dev,no,no,high,35060,533,2026-06-05,2026-06-05,1,0,0
docs/constitution/plans/2026-06-01-implementation-status.md,archive,docs/archive/plans/2026-06-01-implementation-status.md,,,GAPS-TRACKER نفسه يشير لهذا الملف بوسم «سابقاً» أي أنه تجاوزه كمرجع حي، رغم أن Phase 9/10 داخله موصوفتان كغير مكتملتين وقت الكتابة.,status-report,visit-task-unification,stale,docs/constitution/GAPS-TRACKER.md,,partial,dev,no,no,medium,12567,173,2026-06-01,2026-07-30,3,0,0
docs/constitution/plans/2026-06-02-dashboard-refactor.md,archive,docs/archive/plans/2026-06-02-dashboard-refactor.md,,,الملف نفسه يحوي تنويهاً بتاريخ 2026-07-30 أنه صار «سجلاً تشخيصياً» فقط بعد أن حسم DEC-015 والخطة اللاحقة اتجاه التنفيذ الفعلي.,plan,planning-contact-targets,superseded,docs/constitution/plans/2026-07-30-layered-planning-curation-plan.md,,partial,dev,no,no,high,14005,197,2026-06-05,2026-07-30,1,0,0
docs/constitution/plans/2026-06-04-maintenance-phase-0-1-status.md,archive,docs/archive/plans/2026-06-04-maintenance-phase-0-1-status.md,,,سجل تنفيذ ضخم (827 سطر) لمراحل Emergency Maintenance V1.0، كل الفينات الموثَّقة فيه محسومة بعلامة ✅ حتى Phase 7؛ سجل تاريخي وليس مرجعاً حياً.,status-report,maintenance,stale,,,implemented,dev,no,no,medium,70797,827,2026-06-05,2026-06-05,0,0,0
docs/constitution/plans/2026-06-10-contract-form-fixes.md,archive,docs/archive/plans/2026-06-10-contract-form-fixes.md,,,خطة معتمدة من صاحب المنتج ونُفِّذت عبر migration 266 (موجودة بالفعل بالمستودع)؛ تدقيق العقود اللاحق في الذاكرة يشير لاكتمال هذا المسار.,plan,contracts,stale,,,implemented,dev,no,no,medium,20164,293,2026-06-10,2026-06-10,1,1,0
docs/constitution/plans/2026-06-10-telemarketing-appointments-migration.md,archive,docs/archive/plans/2026-06-10-telemarketing-appointments-migration.md,,2026-09-28: منتهية وظيفياً (المرحلة 1-2 + migr 270). المتبقي (تجميد + DROP) يُنقل لبند دين تقني واحد «حذف الجداول القديمة» في constitution/trackers/ مع marketing_visits.,Phase 0-2 مكتملة (commit be52055) لكن جدول telemarketing_appointments ما زال موجوداً بلا أي migration DROP لاحق حتى migration 469 الحالي؛ Phase 3-5 يبدو متروكاً معلَّقاً لا مؤرشفاً، يحتاج تأكيداً من صاحب المنتج قبل الحسم.,plan,telemarketing,superseded,,,partial,dev,no,no,high,16349,261,2026-06-10,2026-06-10,3,2,0
docs/constitution/plans/2026-06-14-eligible-task-implementation-plan.md,archive,docs/archive/plans/2026-06-14-eligible-task-implementation-plan.md,,,الملف نفسه يعلن أنه صار «سجل تنفيذ تاريخي لـ DEC-009» بعد تحديث 2026-07-30، والعقد الحاكم للداشبورد/الطبقات صار DEC-015 وخطته اللاحقة؛ ~90% من طبقة البيانات نفَّذته لكنه لم يعد الوصف الكامل الحالي.,plan,eligible-task,superseded,docs/constitution/decisions/DEC-015-layered-planning-curation.md,,partial,dev,no,no,high,28207,216,2026-06-15,2026-07-30,2,0,1
docs/constitution/plans/2026-07-30-layered-planning-curation-plan.md,keep,docs/constitution/trackers/2026-07-30-layered-planning-curation-plan.md,,,خطة التنفيذ الحالية والحاكمة فعلياً لـ DEC-015 (تنقية جهات اتصال التخطيط)؛ لا علامات اكتمال في العناوين، تصف عملاً لا يزال مطلوباً.,plan,planning-contact-targets,current,,,planned,dev,no,no,medium,12997,268,2026-07-30,2026-07-30,2,0,0
docs/constitution/plans/2026-08-17-complaints-v1-implementation-plan.md,keep,docs/constitution/trackers/2026-08-17-complaints-v1-implementation-plan.md,,,منفَّذة برمجياً حسب رأسها الخاص لكن غير مطبّقة على قاعدة البيانات وغير منشورة بعد؛ عمل نشر متبقٍّ حقيقي وليس أرشيفاً.,plan,complaints,partially-stale,,,partial,dev,no,no,medium,8820,173,2026-08-17,2026-08-17,1,0,0
docs/constitution/plans/permissions-view-strategy.md,move,docs/constitution/features/permissions-view-strategy.md,,,INDEX.md يحيل له فعلياً باعتباره دستور «الأدوار والصلاحيات — كيف يشوف كل دور»، أي أنه دستور ميزة وليس خطة عمل مؤقتة؛ يحتاج نقلاً لا أرشفة.,feature,permissions,current,,,implemented,dev,partial,yes,high,19616,392,2026-06-06,2026-06-06,2,0,0
docs/constitution/plans/PLAN-001-split-planning-domain.md,archive,docs/archive/plans/PLAN-001-split-planning-domain.md,,,التحقّق بالمستودع يؤكد أن التقسيم تم فعلياً — day-schedules.md وwork-scopes.md وroute-assignments.md وroutes.md كلها موجودة الآن إلى جانب planning.md كما اقترحت الخطة بالضبط.,plan,planning,stale,docs/constitution/domains/routes.md,,implemented,dev,no,no,high,5926,143,2026-05-27,2026-06-05,0,0,0
docs/constitution/presentation-points.md,archive,docs/archive/deliverables/presentation-points.md,,,نقاط عرض جاهزة لعرض على الزبون بتاريخ 2026-06-06، أبسط بكثير من دساتير الدومينات الحالية الأغنى؛ تُؤرشف كمادة تاريخية لكنها مفيدة كمصدر أولي عند كتابة docs/guide/.,presentation,client-presentation,stale,,,n/a,client-source,yes,no,medium,9866,146,2026-06-06,2026-06-06,0,0,0
docs/constitution/project-constitution.md,keep,docs/constitution/project-constitution.md,,,الدستور الأعلى الذي يحدد مبادئ العمل العامة (الكود = الحقيقة، ترتيب التعديل، معيار الصلاحيات)؛ قصير وثابت ولا يزال دقيقاً، يبقى في جذر constitution/.,standard,project-constitution,current,,,n/a,dev,no,no,high,1592,35,2026-05-13,2026-06-15,3,0,0
docs/constitution/README.md,merge,docs/constitution/INDEX.md,,,مدخل منافس رابع وأقدم (آخر تحديث 2026-06-05) وأقصر بكثير من INDEX.md؛ فكرته المفيدة الوحيدة (ترتيب القراءة الإلزامي وشجرة الملفات المعتمدة) يجب نقلها داخل INDEX.md ثم إلغاء هذا الملف كفهرس مستقل.,index,index,stale,docs/constitution/INDEX.md,docs/constitution/INDEX.md,n/a,dev,no,no,high,1732,37,2026-05-13,2026-06-05,11,0,0
docs/constitution/request-section-contract.md,move,docs/constitution/features/request-section-contract.md,,,عقد معتمَد وملزم لقسم الطلبات بأكمله (14 استشهاداً بالكود)، لكنه ملف فضفاض بجذر constitution/ بدل مجلد features/ حيث تعيش بقية دساتير أنواع الطلبات والمهام.,feature,service-requests,current,,,partial,dev,partial,partial,high,40533,447,2026-07-23,2026-08-13,1,14,1
docs/constitution/tasks/TASK_CLIENT_ENTITY_MAP_ANALYSIS_PROMPT.md,archive,docs/archive/prompts/TASK_CLIENT_ENTITY_MAP_ANALYSIS_PROMPT.md,,,برومبت تحليلي لجرد جداول الزبون من 2026-06-06 يشير لمسارات خادم staging (/opt/golden-crm/apps/staging)؛ لا يوجد تقرير ناتج محفوظ بالمستودع، ونمط prompt منتهي يُؤرشف دوماً.,prompt,client-entity-map,stale,,,unknown,history,no,no,medium,3183,66,2026-06-06,2026-06-06,0,0,0
docs/constitution/tasks/TASK_DAY_SCHEDULES_CONSTITUTION_PROMPT.md,archive,docs/archive/prompts/TASK_DAY_SCHEDULES_CONSTITUTION_PROMPT.md,,,برومبت لإنشاء domains/day-schedules.md، والملف الناتج موجود فعلاً ومكتمل بنفس صيغة entity-constitution.md؛ البرومبت أنجز مهمته ويُؤرشف.,prompt,day-schedules,superseded,docs/constitution/domains/day-schedules.md,,implemented,history,no,no,high,7461,164,2026-05-27,2026-06-05,0,0,0
docs/constitution/tasks/TASK_WORK_SCOPES_CONSTITUTION_PROMPT.md,archive,docs/archive/prompts/TASK_WORK_SCOPES_CONSTITUTION_PROMPT.md,,,برومبت لإنشاء domains/work-scopes.md، والملف الناتج موجود فعلاً؛ البرومبت أنجز مهمته ويُؤرشف مثل نظيره day-schedules.,prompt,work-scopes,superseded,docs/constitution/domains/work-scopes.md,,implemented,history,no,no,high,5043,133,2026-05-28,2026-05-28,0,0,0
docs/constitution/templates/constitution-template.md,keep,docs/constitution/templates/constitution-template.md,,,القالب المرجعي الأعلى بصيغة Layer1/2/3، لكن لا دستور فعلي (دومين أو feature أو قرار) يتبع هذه البنية حرفياً اليوم؛ يبقى كقالب احتياطي غير مفعّل عملياً.,template,templates,stale,,,n/a,dev,no,no,low,1415,49,2026-05-13,2026-06-05,4,0,0
docs/constitution/templates/decision-template.md,keep,docs/constitution/templates/decision-template.md,,,قالب قرار مشتق من constitution-template.md، لكن ملفات decisions/*.md الفعلية (مثل DEC-019) تتبع بنية عربية حرة مختلفة عن هذا القالب؛ يبقى موجوداً لكنه غير مطابق للممارسة الفعلية.,template,templates,stale,,,n/a,dev,no,no,low,495,17,2026-05-13,2026-06-05,1,0,0
docs/constitution/templates/domain-template.md,merge,docs/constitution/templates/entity-constitution.md,,,قالب دومين منافس لـ entity-constitution.md؛ الأخير هو المستخدم فعلياً (day-schedules.md وwork-scopes.md نُسخا منه حرفياً وINDEX.md يحيل إليه)، وdomain-template.md لم يُستخدم لأي دستور فعلي — يُدمج ويُلغى.,template,templates,superseded,docs/constitution/templates/entity-constitution.md,docs/constitution/templates/entity-constitution.md,n/a,dev,no,no,high,658,23,2026-05-13,2026-06-05,1,0,0
docs/constitution/templates/entity-constitution.md,keep,docs/constitution/templates/entity-constitution.md,,,القالب الفعلي والوحيد المستخدم فعلياً لكل دساتير الدومينات (10 أقسام)؛ عليه بُنيت day-schedules.md وwork-scopes.md وغيرها، ومرجعي في INDEX.md.,template,templates,current,,,n/a,dev,no,no,high,11557,168,2026-05-24,2026-06-05,5,0,0
docs/constitution/templates/feature-template.md,keep,docs/constitution/templates/feature-template.md,,,قالب feature بصيغة Layer1/2/3، لكن ملفات features/*.md الفعلية (complaints.md وغيرها) لا تتبعه حرفياً؛ يبقى كخيار احتياطي غير مفعّل عملياً بانتظار توحيد لاحق.,template,templates,stale,,,n/a,dev,no,no,low,695,23,2026-05-13,2026-06-05,1,0,0
docs/constitution/templates/README.md,keep-update,docs/constitution/templates/README.md,,,فهرس صغير لمجلد templates لكنه ناقص: لا يذكر entity-constitution.md (القالب الفعلي المُستخدم لكل الدومينات الجديدة) ولا unified-task-scenario-template.md؛ يحتاج تحديث قائمته فقط.,index,templates-index,partially-stale,,,n/a,dev,no,no,high,509,14,2026-05-13,2026-07-01,12,0,0
docs/constitution/templates/unified-service-request-template.md,keep,docs/constitution/templates/unified-service-request-template.md,,,قالب استقبال الطلبات الموحد ومرجع مباشر لـ request-section-contract.md وDEC-013؛ لا يزال حياً ومستخدماً كأساس بنيوي.,template,service-requests,current,,,partial,dev,no,no,high,22696,631,2026-07-01,2026-07-22,2,0,0
docs/constitution/templates/unified-task-scenario-template.md,keep,docs/constitution/templates/unified-task-scenario-template.md,,,قالب رسمي موحّد لتوثيق أي سيناريو مهمة، مذكور كقالب رسمي ولم يظهر ما يُبطله؛ يبقى في مكانه.,template,tasks,current,,,n/a,dev,no,no,medium,7481,191,2026-05-18,2026-06-05,1,0,0
docs/constitution/terminology.md,keep,docs/constitution/terminology.md,,,دستور مصطلحات تأسيسي قصير (العقد/الجهاز/مخزون الزبون) يحكم كل الدومينات، ومحتواه البسيط لا يزال صحيحاً؛ مادة ممتازة لصياغة docs/guide/ لاحقاً.,standard,terminology,current,,,n/a,dev,yes,no,medium,1816,37,2026-05-24,2026-06-05,1,0,0
docs/constitution/vault-migration-map.md,delete,,,,ملف خطة نقل معرفة من Obsidian Vault لم يُملأ إطلاقاً — قسمه الوحيد 'To be filled' فارغ فعلياً منذ الإنشاء (2026-05-13) بلا أي سجل حقيقي؛ حذف آمن لأنه لا يحمل معلومة فعلية.,stub,vault-migration,empty,,,n/a,dev,no,no,medium,610,19,2026-05-13,2026-06-05,2,0,0
docs/context-handoff.md,archive,docs/archive/handoffs/context-handoff.md,,,مستند تسليم سياق قديم جداً (إبريل 2026) لبنية RBAC أولية؛ تجاوزته طبقات كاملة لاحقة (شجرة الصلاحيات، النطاق الفرعي، الخ) موثقة بالذاكرة.,handoff,permissions,stale,docs/constitution/domains/permissions.md,,n/a,history,no,no,medium,9710,234,2026-04-29,2026-04-29,0,0,0
docs/deployment-guide.md,keep-update,docs/engineering/runbooks/docker-jenkins-new-server.md,,2026-09-28: النشر = الطريقتين. مسار Docker/Jenkins لتجهيز أي سيرفر جديد؛ يُوسم بالبيئة.,دليل النشر الحالي عبر Docker+Jenkins (docker-compose.yml وDockerfile وscripts/docker-deploy.sh موجودة وأحدث تاريخاً من الدليل نفسه)؛ يحتاج تحديثاً طفيفاً ليطابق آخر تعديلات docker-compose.yml (16 أغسطس).,runbook,deployment,partially-stale,,,implemented,ops,no,no,high,13126,410,2026-06-29,2026-06-30,0,0,0
docs/design/complaints-v1-designer-handoff.md,keep,docs/engineering/design/complaints-v1-designer-handoff.md,,,منفَّذة برمجياً لكن التصميم البصري نفسه لم يُنشَر بعد؛ خريطة شاشات مفصّلة تصلح لاحقاً كمصدر لدليل الاستخدام.,design-handoff,complaints,current,,,partial,dev,partial,yes,medium,24338,534,2026-08-17,2026-08-17,1,0,0
docs/engineering-change-process.md,move,docs/constitution/standards/engineering-change-process.md,,,عملية حاكمة (active draft / governing process) توصَف كقراءة إلزامية أولى — تنتمي بوضوح لمجلد المعايير الهندسية الجامعة لا لجذر docs.,standard,engineering-process,current,,,n/a,dev,no,no,high,7656,184,2026-05-13,2026-05-13,2,0,0
docs/marketing-visit-device-demo-fields.md,keep-update,docs/engineering/audits/marketing-visit-device-demo-fields.md,,,خريطة حقول MarketingVisit/MarketingVisitTask بالكود الفعلي؛ تحقّق مباشر يؤكد أن هذه الأنواع لا تزال موجودة بـ packages/shared/types.ts، فالملف حالي لكن يستحق مراجعة دورية.,analysis-report,device-demo,current,,,implemented,dev,no,no,medium,10470,136,2026-05-13,2026-05-13,2,0,0
docs/OPERATIONS.md,keep-update,docs/engineering/runbooks/pm2-production-operations.md,,2026-09-28: النشر = الطريقتين. هذا دليل PM2 للبرودكشن الحالي؛ يُحدَّث (حالته من 2026-04-08) ويُوسم بالبيئة.,الريبو فيه مساري نشر (PM2 عبر ecosystem.config.cjs وDocker/Jenkins)، وCLAUDE.md يعتمد PM2؛ لا نؤرشف قبل تأكيد المسار الحالي.,runbook,deployment,partially-stale,docs/deployment-guide.md,docs/SERVER-DEPLOY.md,n/a,ops,no,no,high,10534,340,2026-04-18,2026-04-18,1,0,0
docs/oreder.txt,archive,docs/archive/prompts/oreder.txt,,,ملف تعليمات جلسة واحدة (اطلب تحليلاً فقط لرسم BPMN لاحقاً) بلا أي إشارات واردة أو صادرة؛ برومت جلسة منتهية الغرض.,prompt,field-visits,stale,,,n/a,history,no,no,medium,16752,472,2026-05-13,2026-05-13,0,0,0
docs/plans/2026-05-03-branch-team-planning-sprints.md,archive,docs/archive/plans/2026-05-03-branch-team-planning-sprints.md,,,برومت تنفيذ Sprint-by-sprint موجَّه مباشرة لـ Claude Code على staging فقط؛ لا إشارات واردة من الدستور الحالي، ومعمارية الصلاحيات/النطاق تجاوزته بمراحل لاحقة موثقة بالذاكرة (شجرة الصلاحيات، Branch-scope architecture).,plan,planning,stale,,,unknown,dev,no,no,low,15382,396,2026-05-03,2026-05-03,0,0,0
docs/plans/2026-05-10-device-demo-detail-plan.md,archive,docs/archive/plans/2026-05-10-device-demo-detail-plan.md,,,خطة لإعادة تنظيم تبويبات DeviceDemoDetail.tsx (ما زال موجوداً بالكود)؛ لا إشارات واردة ولا دليل تنفيذ صريح، وقيمتها اليوم تاريخية فقط.,plan,device-demo,stale,,,unknown,dev,no,no,low,10882,322,2026-05-13,2026-05-13,0,0,0
docs/plans/2026-05-21-device-demo-result-gaps-plan.md,archive,docs/archive/superseded/2026-05-21-device-demo-result-gaps-plan.md,,2026-09-28: فحص معمّق — 0/8 فجوات حقيقية (6 محلولة، 2 متجاوزة بـ DEC-003/004). تُؤرشف ومعها تقرير الفحص docs/_reorg/device-demo-gaps-verdict-2026-09-28.md → docs/archive/superseded/2026-05-21-device-demo-result-gaps-plan.verdict.md,8 فجوات مصنّفة بجدول حالة يُظهر معظمها «لم تبدأ»؛ بلا أي إشارة واردة من الدستور الحالي بعد أكثر من 4 أشهر، يحتاج تحققاً كاملاً من الكود قبل اعتماده كـ backlog حي — أرشفة أولى مع إمكانية إحياء لاحقاً.,plan,device-demo,superseded,,,implemented,dev,no,no,high,14144,311,2026-05-22,2026-05-22,0,0,0
docs/plans/2026-05-21-task-contract-linking-plan.md,archive,docs/archive/plans/2026-05-21-task-contract-linking-plan.md,,2026-09-28: منفّذة بطريق آخر بعد توحيد الزيارات — contracts.source_task_offer_id + migr 238 (رقم البيعة على العرض) + migr 457 (عرض واحد ↔ عقد فعّال واحد). «لم تبدأ» في الملف قديمة.,جدول الحالة الختامي يُظهر كل المراحل الأربع «لم تبدأ»؛ خطة لم تُنفَّذ ولم تُشَر إليها من أي دستور حالي.,plan,device-demo,superseded,,,implemented,dev,no,no,high,7830,178,2026-05-22,2026-05-22,0,0,0
docs/presentation/animation-storyboard.md,keep,docs/deliverables/animation-storyboard.md,,,سيناريو إلقاء وملحق لقطات صامتة مرافق مباشرة لملف العرض التقديمي التفصيلي؛ ينتقل معه كمواد تسليم.,presentation,phase1-acceptance,current,,,n/a,client-source,partial,no,high,55713,584,2026-08-19,2026-08-25,0,0,0
docs/presentation/phase1-acceptance-deck-notes.md,keep,docs/deliverables/phase1-acceptance-deck-notes.md,,,ملف عمل صريح «قيد البناء» بأسئلة مفتوحة تمنع إنهاء العرض؛ لا يزال نشِطاً وليس نهائياً.,presentation,phase1-acceptance,partially-stale,,,n/a,client-source,partial,no,high,28325,304,2026-08-19,2026-08-19,1,0,0
docs/presentation/عرض-اعتماد-المرحلة-الأولى-مفصّل.pptx,keep,docs/deliverables/عرض-اعتماد-المرحلة-الأولى-مفصّل.pptx,,,النسخة التفصيلية (39 شريحة) المُشار إليها من animation-storyboard.md كملف العرض المرافق الرسمي.,presentation,phase1-acceptance,current,,,n/a,client-source,no,no,high,1004986,0,2026-08-19,2026-08-25,1,0,0
docs/presentation/عرض-اعتماد-المرحلة-الأولى.pptx,archive,docs/archive/deliverables/عرض-اعتماد-المرحلة-الأولى.pptx,,,نفس عنوان وموضوع النسخة المفصّلة لكن بلا إشارات واردة وبحجم أصغر ونفس تاريخ الإنشاء؛ يبدو مسودة أولى سبقت النسخة المفصّلة المعتمدة.,presentation,phase1-acceptance,superseded,docs/presentation/عرض-اعتماد-المرحلة-الأولى-مفصّل.pptx,docs/presentation/عرض-اعتماد-المرحلة-الأولى-مفصّل.pptx,n/a,client-source,no,no,low,627947,0,2026-08-19,2026-08-19,0,0,0
docs/presentation/عرض-المشروع-20-نقطة.pptx,keep,docs/deliverables/عرض-المشروع-20-نقطة.pptx,,,عرض تقديمي منفصل بعنوان مختلف (20 نقطة مشروع)، أحدث تاريخاً من عروض اعتماد المرحلة الأولى، على الأرجح تسليم مستقل.,presentation,project-overview,current,,,n/a,client-source,no,no,medium,2113382,0,2026-08-25,2026-08-25,0,0,0
docs/prompts/2026-06-10-contract-fixes-execution.md,archive,docs/archive/prompts/2026-06-10-contract-fixes-execution.md,,,برومت تنفيذ عاجل لإصلاح contracts_status_check على staging، مرتبط مباشرة بخطة contract-form-fixes المؤرشفة أيضاً؛ عمل منجَز وتاريخي.,prompt,contracts,stale,,,implemented,dev,no,no,medium,3607,87,2026-06-10,2026-06-10,0,0,0
docs/RASEL-OTP-SETUP.md,keep,docs/engineering/runbooks/RASEL-OTP-SETUP.md,,,الأداة مدمجة بالكود لكن تدوير مفتاح Rasel والتحويل للإنتاج ما زالا معلَّقين حسب الذاكرة.,runbook,otp-sms,current,,,partial,ops,no,no,high,4615,61,2026-08-13,2026-08-13,0,0,1
docs/runbooks/production-release-checklist.md,keep,docs/engineering/runbooks/production-release-checklist.md,,2026-09-28: قائمة الإطلاق الرسمية على PM2 — تبقى المرجع الأول للبرودكشن.,قائمة تحقق نشر إنتاج حية؛ scripts/deploy-production.sh المُشار إليه موجود فعلياً بالمستودع.,runbook,deployment,current,,,n/a,ops,no,no,high,3193,75,2026-05-13,2026-05-13,0,0,0
docs/runbooks/unified-media-storage-cicd-runbook.md,keep,docs/engineering/runbooks/unified-media-storage-cicd-runbook.md,,,دليل CI/CD implementation-ready يخص migration 423 الموجود فعلياً بالمستودع؛ نشر تخزين الميديا الموحّد ما زال بحاجة تحقق تشغيلي.,runbook,media-storage,current,,,partial,ops,no,no,high,15569,468,2026-08-17,2026-08-17,0,0,0
docs/SERVER-DEPLOY.md,keep-update,docs/engineering/runbooks/pm2-production-first-setup.md,,2026-09-28: النشر = الطريقتين. إعداد أول لسيرفر PM2؛ يُحدَّث ويُوسم بالبيئة.,الريبو فيه مساري نشر (PM2 عبر ecosystem.config.cjs وDocker/Jenkins)، وCLAUDE.md يعتمد PM2؛ لا نؤرشف قبل تأكيد المسار الحالي.,runbook,deployment,partially-stale,docs/deployment-guide.md,docs/OPERATIONS.md,n/a,ops,no,no,high,4399,219,2026-04-08,2026-04-18,3,0,0
docs/session-handoff/2025-05-23-unified-visit-migration.md,archive,docs/archive/handoffs/2025-05-23-unified-visit-migration.md,,,تسليم جلسة يوثّق اكتمال ترحيل marketing_visits→field_visits 100%؛ منجز تاريخي واضح.,handoff,field-visits,stale,,docs/session-handoff/2026-05-23-session-handoff.md,implemented,history,no,no,high,7014,145,2026-05-24,2026-05-24,0,0,0
docs/session-handoff/2026-05-23-session-handoff.md,archive,docs/archive/handoffs/2026-05-23-session-handoff.md,,,تسليم جلسة تقني بإصلاحات مطبَّقة وأخرى معلَّقة على staging بتاريخ مايو 2026؛ محتوى منقول منذ شهور لبقية الدستور.,handoff,planning,stale,,docs/session-handoff/2025-05-23-unified-visit-migration.md,partial,history,no,no,medium,6037,124,2026-05-24,2026-05-24,0,0,0
docs/session-summaries/2026-05-20-devices-contracts.md,archive,docs/archive/sessions/2026-05-20-devices-contracts.md,,,ملخص جلسة عمل 6/6 تاسكات مكتملة على الأجهزة والعقود؛ سجل تاريخي بأسلوب Hermes.,session-log,devices-contracts,stale,,,implemented,history,no,no,high,4617,119,2026-05-22,2026-05-22,1,0,0
docs/session-summaries/2026-05-21-devices-contracts-legal-identity.md,archive,docs/archive/sessions/2026-05-21-devices-contracts-legal-identity.md,,,ملخص جلسة بتاريخ 2026-05-21 يوثّق مهاماً منجزة وأخرى مكتوبة لم تُنفَّذ؛ تاريخي بامتياز بعد أكثر من 4 أشهر.,session-log,devices-contracts,stale,,,partial,history,no,no,high,6897,129,2026-05-22,2026-05-22,0,0,0
docs/swagger-completion.md,archive,docs/archive/plans/swagger-completion.md,,,تقرير إنجاز توثيق Swagger لـ 13 ملف route بتاريخ 2026-05-24؛ مهمة منجزة تاريخياً بلا قيمة مرجعية مستمرة.,status-report,api-docs,stale,,,implemented,history,no,no,high,5478,114,2026-05-24,2026-05-24,0,0,0
docs/tasks/TASK_154_CONTACT_TARGET_ZONE_UNIQUE_PROMPT.md,archive,docs/archive/prompts/TASK_154_CONTACT_TARGET_ZONE_UNIQUE_PROMPT.md,,,برومبت تنفيذي منفّذ (٢٠٢٦-٠٥-٢٤) لإضافة zone_id لل UNIQUE constraint؛ المنطق موثّق حالياً بدستور planning-contact-targets.,prompt,contact-targets-planning,stale,docs/constitution/features/planning-contact-targets.md,,implemented,history,partial,no,medium,10875,269,2026-05-24,2026-05-24,0,0,0
docs/tasks/TASK_155_VISIT_TASKS_CONTRACT_ID_PROMPT.md,archive,docs/archive/prompts/TASK_155_VISIT_TASKS_CONTRACT_ID_PROMPT.md,,,برومبت تنفيذي منفّذ لربط visit_tasks بـ contract_id؛ الحقل موثّق ضمن دستور field-visits الحالي.,prompt,visit-tasks-contract-id,stale,docs/constitution/domains/field-visits.md,,implemented,history,no,no,medium,10223,271,2026-05-24,2026-05-24,0,0,0
docs/tasks/TASK_156_PURCHASE_HISTORY_FIX_PROMPT.md,archive,docs/archive/prompts/TASK_156_PURCHASE_HISTORY_FIX_PROMPT.md,,,أحد سلسلة برومبتات سجل المشتريات (fix)؛ نفس الموضوع مغطى بدستور 01h الحالي، منفّذ من مدة طويلة.,prompt,purchase-history,stale,docs/constitution/contracts/01h-customer-purchase-history-and-parts-stock.md,docs/tasks/TASK_156_PURCHASE_HISTORY_MASTER_PROMPT.md;docs/tasks/TASK_156_PURCHASE_HISTORY_PRICE_FIX_PROMPT.md;docs/tasks/TASK_156_PURCHASE_HISTORY_PROMPT.md;docs/tasks/TASK_156_PURCHASE_HISTORY_UI_FIX_PROMPT.md;docs/tasks/TASK_156_PURCHASE_HISTORY_V2_PROMPT.md;docs/tasks/TASK_158_PURCHASE_HISTORY_UNIFIED_PROMPT.md,implemented,history,partial,no,medium,2402,90,2026-05-24,2026-05-24,0,0,0
docs/tasks/TASK_156_PURCHASE_HISTORY_MASTER_PROMPT.md,archive,docs/archive/prompts/TASK_156_PURCHASE_HISTORY_MASTER_PROMPT.md,,,"النسخة ""النهائية"" المعلَنة من سلسلة برومبتات سجل المشتريات؛ محتواها انتقل لدستور 01h.",prompt,purchase-history,stale,docs/constitution/contracts/01h-customer-purchase-history-and-parts-stock.md,docs/tasks/TASK_156_PURCHASE_HISTORY_FIX_PROMPT.md;docs/tasks/TASK_156_PURCHASE_HISTORY_PRICE_FIX_PROMPT.md;docs/tasks/TASK_156_PURCHASE_HISTORY_PROMPT.md;docs/tasks/TASK_156_PURCHASE_HISTORY_UI_FIX_PROMPT.md;docs/tasks/TASK_156_PURCHASE_HISTORY_V2_PROMPT.md;docs/tasks/TASK_158_PURCHASE_HISTORY_UNIFIED_PROMPT.md,implemented,history,partial,no,medium,17671,464,2026-05-24,2026-05-24,0,0,0
docs/tasks/TASK_156_PURCHASE_HISTORY_PRICE_FIX_PROMPT.md,archive,docs/archive/prompts/TASK_156_PURCHASE_HISTORY_PRICE_FIX_PROMPT.md,,,إصلاح تكرار السعر بسجل المشتريات؛ منفّذ، الموضوع موثّق حالياً بدستور 01h.,prompt,purchase-history,stale,docs/constitution/contracts/01h-customer-purchase-history-and-parts-stock.md,docs/tasks/TASK_156_PURCHASE_HISTORY_MASTER_PROMPT.md;docs/tasks/TASK_156_PURCHASE_HISTORY_FIX_PROMPT.md;docs/tasks/TASK_156_PURCHASE_HISTORY_PROMPT.md;docs/tasks/TASK_156_PURCHASE_HISTORY_UI_FIX_PROMPT.md;docs/tasks/TASK_156_PURCHASE_HISTORY_V2_PROMPT.md;docs/tasks/TASK_158_PURCHASE_HISTORY_UNIFIED_PROMPT.md,implemented,history,no,no,medium,9027,237,2026-05-24,2026-05-24,0,0,0
docs/tasks/TASK_156_PURCHASE_HISTORY_PROMPT.md,archive,docs/archive/prompts/TASK_156_PURCHASE_HISTORY_PROMPT.md,,,المسودة الأولى لبرومبت سجل المشتريات (استُبدلت بـ V2/Master)؛ منفّذة وموثقة حالياً بدستور 01h.,prompt,purchase-history,stale,docs/constitution/contracts/01h-customer-purchase-history-and-parts-stock.md,docs/tasks/TASK_156_PURCHASE_HISTORY_MASTER_PROMPT.md;docs/tasks/TASK_156_PURCHASE_HISTORY_FIX_PROMPT.md;docs/tasks/TASK_156_PURCHASE_HISTORY_PRICE_FIX_PROMPT.md;docs/tasks/TASK_156_PURCHASE_HISTORY_UI_FIX_PROMPT.md;docs/tasks/TASK_156_PURCHASE_HISTORY_V2_PROMPT.md;docs/tasks/TASK_158_PURCHASE_HISTORY_UNIFIED_PROMPT.md,implemented,history,partial,no,medium,8357,198,2026-05-24,2026-05-24,0,0,0
docs/tasks/TASK_156_PURCHASE_HISTORY_UI_FIX_PROMPT.md,archive,docs/archive/prompts/TASK_156_PURCHASE_HISTORY_UI_FIX_PROMPT.md,,,إصلاح عرض حالة التركيب/السحب بجدول السجل التاريخي؛ منفّذ، الموضوع موثّق حالياً بدستور 01h.,prompt,purchase-history,stale,docs/constitution/contracts/01h-customer-purchase-history-and-parts-stock.md,docs/tasks/TASK_156_PURCHASE_HISTORY_MASTER_PROMPT.md;docs/tasks/TASK_156_PURCHASE_HISTORY_FIX_PROMPT.md;docs/tasks/TASK_156_PURCHASE_HISTORY_PRICE_FIX_PROMPT.md;docs/tasks/TASK_156_PURCHASE_HISTORY_PROMPT.md;docs/tasks/TASK_156_PURCHASE_HISTORY_V2_PROMPT.md;docs/tasks/TASK_158_PURCHASE_HISTORY_UNIFIED_PROMPT.md,implemented,history,no,partial,medium,4753,114,2026-05-24,2026-05-24,0,0,0
docs/tasks/TASK_156_PURCHASE_HISTORY_V2_PROMPT.md,archive,docs/archive/prompts/TASK_156_PURCHASE_HISTORY_V2_PROMPT.md,,,نسخة v2 من برومبت سجل المشتريات؛ استُبدلت لاحقاً بالنسخة الموحدة (158)، الموضوع موثّق بدستور 01h.,prompt,purchase-history,stale,docs/constitution/contracts/01h-customer-purchase-history-and-parts-stock.md,docs/tasks/TASK_156_PURCHASE_HISTORY_MASTER_PROMPT.md;docs/tasks/TASK_156_PURCHASE_HISTORY_FIX_PROMPT.md;docs/tasks/TASK_156_PURCHASE_HISTORY_PRICE_FIX_PROMPT.md;docs/tasks/TASK_156_PURCHASE_HISTORY_PROMPT.md;docs/tasks/TASK_156_PURCHASE_HISTORY_UI_FIX_PROMPT.md;docs/tasks/TASK_158_PURCHASE_HISTORY_UNIFIED_PROMPT.md,implemented,history,partial,no,medium,13096,327,2026-05-24,2026-05-24,0,0,0
docs/tasks/TASK_157_CONTRACT_LINE_ITEMS_ENHANCEMENT_PROMPT.md,archive,docs/archive/prompts/TASK_157_CONTRACT_LINE_ITEMS_ENHANCEMENT_PROMPT.md,,,تحسين قسم قطع وملحقات العقد؛ برومبت منفّذ، مرتبط بموضوع سجل المشتريات الموثّق بدستور 01h.,prompt,contract-line-items,stale,docs/constitution/contracts/01h-customer-purchase-history-and-parts-stock.md,,implemented,history,no,partial,medium,10916,242,2026-05-24,2026-05-24,1,0,0
docs/tasks/TASK_158_FIX_CONTACT_TARGET_FORWARD_REF_PROMPT.md,archive,docs/archive/prompts/TASK_158_FIX_CONTACT_TARGET_FORWARD_REF_PROMPT.md,,,إصلاح forward reference تقني ضيق بملف planningMarketingTargets.ts؛ منفّذ، لا قيمة كمرجع مستقبلي.,prompt,contact-targets-bugfix,stale,,,implemented,history,no,no,medium,4599,112,2026-05-24,2026-05-24,0,0,0
docs/tasks/TASK_158_PURCHASE_HISTORY_UNIFIED_PROMPT.md,archive,docs/archive/prompts/TASK_158_PURCHASE_HISTORY_UNIFIED_PROMPT.md,,,النسخة الموحدة (Backend+Frontend) وهي على الأرجح آخر نسخة نُفّذت فعلياً من سلسلة سجل المشتريات؛ موثّقة الآن بدستور 01h.,prompt,purchase-history,stale,docs/constitution/contracts/01h-customer-purchase-history-and-parts-stock.md,docs/tasks/TASK_156_PURCHASE_HISTORY_MASTER_PROMPT.md;docs/tasks/TASK_156_PURCHASE_HISTORY_FIX_PROMPT.md;docs/tasks/TASK_156_PURCHASE_HISTORY_PRICE_FIX_PROMPT.md;docs/tasks/TASK_156_PURCHASE_HISTORY_PROMPT.md;docs/tasks/TASK_156_PURCHASE_HISTORY_UI_FIX_PROMPT.md;docs/tasks/TASK_156_PURCHASE_HISTORY_V2_PROMPT.md,implemented,history,partial,partial,high,19350,442,2026-05-24,2026-05-24,0,0,0
docs/tasks/TASK_159_FIX_COMPANY_OWNED_CONTRACT_ZONES_PROMPT.md,archive,docs/archive/prompts/TASK_159_FIX_COMPANY_OWNED_CONTRACT_ZONES_PROMPT.md,,,إصلاح ضيق بدالة getCompanyOwnedClients ليشمل zones العقد؛ منفّذ، لا حاجة للاحتفاظ به.,prompt,contract-zones-bugfix,stale,,,implemented,history,no,no,medium,2427,62,2026-05-24,2026-05-24,1,0,0
docs/tasks/TASK_160_FIX_DATE_TYPE_MISMATCH_PROMPT.md,archive,docs/archive/prompts/TASK_160_FIX_DATE_TYPE_MISMATCH_PROMPT.md,,,إصلاح type mismatch (text=date) بـ getAssignedLeadsForTeam؛ منفّذ ومتكرر مع برومبتين آخرين لنفس مشكلة الأنواع.,prompt,date-type-mismatch,stale,,docs/tasks/TASK_161_FIX_TEXT_DATE_INFERENCE_PROMPT.md;docs/tasks/TASK_FIX_DATE_TYPE_MISMATCH_PROMPT.md,implemented,history,no,no,medium,1896,78,2026-05-24,2026-05-24,0,0,0
docs/tasks/TASK_161_FIX_TEXT_DATE_INFERENCE_PROMPT.md,archive,docs/archive/prompts/TASK_161_FIX_TEXT_DATE_INFERENCE_PROMPT.md,,,إصلاح type inference conflict بـ prepared statement؛ متابعة لنفس مشكلة TASK_160، منفّذ.,prompt,date-type-mismatch,stale,,docs/tasks/TASK_160_FIX_DATE_TYPE_MISMATCH_PROMPT.md;docs/tasks/TASK_FIX_DATE_TYPE_MISMATCH_PROMPT.md,implemented,history,no,no,medium,1709,45,2026-05-24,2026-05-24,0,0,0
docs/tasks/TASK_162_ADD_BOOKED_TO_CONTACT_TARGET_STATS_PROMPT.md,archive,docs/archive/prompts/TASK_162_ADD_BOOKED_TO_CONTACT_TARGET_STATS_PROMPT.md,,,"إضافة إحصائية ""موعد محجوز"" لشريط جهات الاتصال؛ برومبت تحسين UI ضيق ومنفّذ.",prompt,contact-targets-stats,stale,,,implemented,history,no,partial,medium,1893,51,2026-05-24,2026-05-24,1,0,0
docs/tasks/TASK_163_FIX_STATION_NAME_CONTRACT_ZONE_PROMPT.md,archive,docs/archive/prompts/TASK_163_FIX_STATION_NAME_CONTRACT_ZONE_PROMPT.md,,,إصلاح عرض اسم المحطة لمهام location_basis=contract؛ منفّذ.,prompt,contact-targets-bugfix,stale,,,implemented,history,no,no,medium,3851,103,2026-05-24,2026-05-24,0,0,0
docs/tasks/TASK_164_FIX_EFF_ZONE_STATUS_FILTER_PROMPT.md,archive,docs/archive/prompts/TASK_164_FIX_EFF_ZONE_STATUS_FILTER_PROMPT.md,,,إصلاح فلتر status بـ eff_zone LATERAL join؛ برومبت تقني ضيق منفّذ.,prompt,contact-targets-bugfix,stale,,,implemented,history,no,no,medium,1558,41,2026-05-24,2026-05-24,1,0,0
docs/tasks/TASK_165_FRONTEND_REBUILD_PROMPT.md,archive,docs/archive/prompts/TASK_165_FRONTEND_REBUILD_PROMPT.md,,,برومبت إعادة بناء صفحة تفاصيل الزيارة؛ الوصف الحي انتقل لدستور visit-detail-page-constitution.,prompt,visit-detail-page,stale,docs/constitution/features/visit-detail-page-constitution.md,docs/tasks/TASK_165_FRONTEND_REBUILD_REFERENCE.md;docs/tasks/TASK_165_VISIT_DETAIL_UI_FIX_PROMPT.md,implemented,history,no,partial,medium,4676,82,2026-05-24,2026-05-24,0,0,0
docs/tasks/TASK_165_FRONTEND_REBUILD_REFERENCE.md,archive,docs/archive/prompts/TASK_165_FRONTEND_REBUILD_REFERENCE.md,,,مرجع تقني مرافق لبرومبت إعادة بناء صفحة الزيارة؛ استُبدل بدستور visit-detail-page-constitution.,prompt,visit-detail-page,stale,docs/constitution/features/visit-detail-page-constitution.md,docs/tasks/TASK_165_FRONTEND_REBUILD_PROMPT.md;docs/tasks/TASK_165_VISIT_DETAIL_UI_FIX_PROMPT.md,implemented,history,no,partial,medium,18212,409,2026-05-24,2026-05-24,1,0,0
docs/tasks/TASK_165_SNAPSHOT_SYSTEM_PROMPT.md,archive,docs/archive/prompts/TASK_165_SNAPSHOT_SYSTEM_PROMPT.md,,,برومبت بناء نظام اللقطات (snapshot) للزبون/العقد/العنوان؛ منفّذ وموثّق الآن كمكوّنات client-snapshot/contract-snapshot.,prompt,client-contract-snapshot,stale,docs/constitution/components/client-snapshot.md,docs/tasks/TASK_UNIFY_MINI_CLIENT_SNAPSHOT.md;docs/tasks/TASK_UNIFY_MINI_CLIENT_SNAPSHOT_PROMPT.md,implemented,history,partial,no,high,29141,714,2026-05-24,2026-05-24,0,0,0
docs/tasks/TASK_165_VISIT_DETAIL_UI_FIX_PROMPT.md,archive,docs/archive/prompts/TASK_165_VISIT_DETAIL_UI_FIX_PROMPT.md,,,إصلاح تصميم صفحة تفاصيل الزيارة بعد إعادة البناء؛ نفس مسار TASK_165 الآخر، مستبدل بالدستور الحي.,prompt,visit-detail-page,stale,docs/constitution/features/visit-detail-page-constitution.md,docs/tasks/TASK_165_FRONTEND_REBUILD_PROMPT.md;docs/tasks/TASK_165_FRONTEND_REBUILD_REFERENCE.md,implemented,history,no,partial,medium,11482,265,2026-05-24,2026-05-24,0,0,0
docs/tasks/TASK_166_FIELD_VISITS_TEAM_FILTER_PROMPT.md,archive,docs/archive/prompts/TASK_166_FIELD_VISITS_TEAM_FILTER_PROMPT.md,,,فلترة خادمية لزيارات الفريق؛ منفّذ، السلوك موثّق حالياً بدستور team-scheduling/field-visits.,prompt,field-visits-team-filter,stale,docs/constitution/features/team-scheduling.md,,implemented,history,no,no,medium,8500,178,2026-06-06,2026-06-06,0,0,0
docs/tasks/TASK_BLOCK_CLOSED_CONTACT_FROM_SYNC_PROMPT.md,archive,docs/archive/prompts/TASK_BLOCK_CLOSED_CONTACT_FROM_SYNC_PROMPT.md,,,منع إسناد مهام لزبون عنده contact_target مقفلة؛ قاعدة عمل ضيقة منفّذة، غير محتاجة كمرجع مستقل.,prompt,contact-targets-bugfix,stale,,,implemented,history,partial,no,medium,6005,134,2026-05-24,2026-05-24,1,0,0
docs/tasks/TASK_BRANCHES_CONSTITUTION_PROMPT.md,archive,docs/archive/prompts/TASK_BRANCHES_CONSTITUTION_PROMPT.md,,,برومبت توليد دستور نطاق الفروع؛ الناتج موجود فعلاً بـ domains/branches.md، فمهمة البرومبت منتهية.,prompt,branches,stale,docs/constitution/domains/branches.md,,implemented,history,no,no,high,14795,370,2026-05-25,2026-05-25,0,0,0
docs/tasks/TASK_BUILD_FIX_PROMPT.md,archive,docs/archive/prompts/TASK_BUILD_FIX_PROMPT.md,,,إصلاح أخطاء بناء عام وقتي؛ لا قيمة مرجعية بعد الإصلاح، ولا يمكن التأكد من تفاصيل التنفيذ الآن.,prompt,build-fix,stale,,,unknown,history,no,no,low,2168,57,2026-05-24,2026-05-24,0,0,0
docs/tasks/TASK_CANDIDATES_CONSTITUTION_PROMPT.md,archive,docs/archive/prompts/TASK_CANDIDATES_CONSTITUTION_PROMPT.md,,,برومبت توليد دستور نطاق المرشحين؛ الناتج موجود فعلاً بـ domains/candidates.md.,prompt,candidates,stale,docs/constitution/domains/candidates.md,,implemented,history,no,no,high,13335,312,2026-05-25,2026-05-25,0,0,0
docs/tasks/TASK_CLEAN_BACKEND_SQL_BEFORE_DROP_PROMPT.md,archive,docs/archive/prompts/TASK_CLEAN_BACKEND_SQL_BEFORE_DROP_PROMPT.md,,,تنظيف SQL الخلفي من مراجع marketing_visits قبل حذف الجداول؛ منفّذ (لا يوجد استعلام SQL مباشر على الجدول القديم بالكود الحالي).,prompt,unified-visit-model-cleanup,stale,docs/constitution/features/unified-visit-model.md,,implemented,history,no,no,medium,4919,142,2026-05-24,2026-05-24,1,0,0
docs/tasks/TASK_CLEANUP_TEST_DATA_PROMPT.md,archive,docs/archive/prompts/TASK_CLEANUP_TEST_DATA_PROMPT.md,,,سكربت/تعليمات تنظيف بيانات اختبار من قاعدة بيانات معيّنة؛ عملية تشغيلية لمرة واحدة، لا قيمة كمرجع دائم.,prompt,ops-test-data-cleanup,stale,,,unknown,history,no,no,low,7186,176,2026-05-24,2026-05-24,1,0,0
docs/tasks/TASK_CLIENTS_CONSTITUTION_PROMPT.md,archive,docs/archive/prompts/TASK_CLIENTS_CONSTITUTION_PROMPT.md,,,برومبت المشروع التجريبي (Pilot) لدستور نطاق الزبائن؛ الناتج والقالب موجودان فعلاً بـ domains/clients.md وtemplates.,prompt,clients,stale,docs/constitution/domains/clients.md,,implemented,history,no,no,high,24625,491,2026-05-25,2026-05-25,0,0,0
docs/tasks/TASK_CONTRACT_DETAIL_BACKEND_FIXES.md,archive,docs/archive/prompts/TASK_CONTRACT_DETAIL_BACKEND_FIXES.md,,,إصلاحات backend لصفحة تفاصيل العقد؛ برومبت تنفيذي منفّذ، لم يُعثر على دستور مخصص منفصل يوثّقه صراحة.,prompt,contract-detail-page,stale,,,implemented,history,no,no,medium,7106,199,2026-05-26,2026-05-26,0,0,0
docs/tasks/TASK_CONTRACT_DETAIL_PAGE_PROMPT_V2.md,archive,docs/archive/prompts/TASK_CONTRACT_DETAIL_PAGE_PROMPT_V2.md,,,V2 من برومبت تصميم صفحة تفاصيل العقد (HTML/Tailwind دقيق)؛ استُبدل بـ V3.,prompt,contract-detail-page,stale,,docs/tasks/TASK_CONTRACT_DETAIL_PAGE_PROMPT.md;docs/tasks/TASK_CONTRACT_DETAIL_PAGE_PROMPT_V3.md,implemented,history,no,partial,medium,21070,542,2026-05-26,2026-05-26,0,0,0
docs/tasks/TASK_CONTRACT_DETAIL_PAGE_PROMPT_V3.md,archive,docs/archive/prompts/TASK_CONTRACT_DETAIL_PAGE_PROMPT_V3.md,,,النسخة v3-final (بيانات حقيقية من API) وهي على الأرجح آخر نسخة منفّذة فعلاً من صفحة تفاصيل العقد.,prompt,contract-detail-page,stale,,docs/tasks/TASK_CONTRACT_DETAIL_PAGE_PROMPT.md;docs/tasks/TASK_CONTRACT_DETAIL_PAGE_PROMPT_V2.md,implemented,history,no,partial,medium,30717,674,2026-05-26,2026-05-26,0,0,0
docs/tasks/TASK_CONTRACT_DETAIL_PAGE_PROMPT.md,archive,docs/archive/prompts/TASK_CONTRACT_DETAIL_PAGE_PROMPT.md,,,V1 من برومبت تصميم صفحة تفاصيل العقد؛ استُبدل بـ V2 ثم V3 (بيانات حقيقية من API).,prompt,contract-detail-page,stale,,docs/tasks/TASK_CONTRACT_DETAIL_PAGE_PROMPT_V2.md;docs/tasks/TASK_CONTRACT_DETAIL_PAGE_PROMPT_V3.md,implemented,history,no,partial,medium,28756,465,2026-05-26,2026-05-26,0,0,0
docs/tasks/TASK_CONTRACTS_CONSTITUTION_PROMPT.md,archive,docs/archive/prompts/TASK_CONTRACTS_CONSTITUTION_PROMPT.md,,,برومبت توليد دستور نطاق العقود؛ الناتج موجود فعلاً بـ domains/contracts.md وبمسار constitution/contracts العميق.,prompt,contracts,stale,docs/constitution/domains/contracts.md,,implemented,history,no,no,high,20675,476,2026-05-25,2026-05-25,0,0,0
docs/tasks/TASK_DELIVERY_DETAIL_PROMPT.md,archive,docs/archive/prompts/TASK_DELIVERY_DETAIL_PROMPT.md,,,صفحة تفاصيل مهمة التوصيل/التركيب/التشغيل؛ منفّذة وموثّقة حالياً ضمن features/device-delivery-task.md وملفات tasks/.,prompt,device-delivery,stale,docs/constitution/features/device-delivery-task.md,,implemented,history,no,partial,medium,15988,352,2026-05-24,2026-05-24,0,0,0
docs/tasks/TASK_DELIVERY_LIST_PROMPT.md,archive,docs/archive/prompts/TASK_DELIVERY_LIST_PROMPT.md,,,صفحة جدول مهام خدمات ما بعد البيع؛ منفّذة، نفس نطاق device-delivery-task الموثّق حالياً.,prompt,device-delivery,stale,docs/constitution/features/device-delivery-task.md,,implemented,history,no,partial,medium,6069,146,2026-05-24,2026-05-24,0,0,0
docs/tasks/TASK_DEVICE_DELIVERY_FINAL_PROMPT.md,archive,docs/archive/prompts/TASK_DEVICE_DELIVERY_FINAL_PROMPT.md,,,البرومبت النهائي لمهمة device_delivery؛ منفّذ وموثّق حالياً بـ features/device-delivery-task.md.,prompt,device-delivery,stale,docs/constitution/features/device-delivery-task.md,docs/tasks/TASK_DEVICE_DELIVERY_PROMPT.md,implemented,history,no,no,medium,10722,246,2026-05-24,2026-05-24,0,0,0
docs/tasks/TASK_DEVICE_DELIVERY_PROMPT.md,archive,docs/archive/prompts/TASK_DEVICE_DELIVERY_PROMPT.md,,,مسودة أولى لنظام device_delivery؛ استُبدلت بالنسخة النهائية (FINAL)، والموضوع موثّق حالياً.,prompt,device-delivery,stale,docs/constitution/features/device-delivery-task.md,docs/tasks/TASK_DEVICE_DELIVERY_FINAL_PROMPT.md,implemented,history,no,no,medium,9649,207,2026-05-24,2026-05-24,0,0,0
docs/tasks/TASK_DEVICE_INSTALLATION_PROMPT.md,archive,docs/archive/prompts/TASK_DEVICE_INSTALLATION_PROMPT.md,,,مهمة تركيب الجهاز device_installation؛ منفّذة وموثّقة حالياً بـ features/device-installation-task.md.,prompt,device-installation,stale,docs/constitution/features/device-installation-task.md,,implemented,history,no,no,medium,9520,233,2026-05-24,2026-05-24,0,0,0
docs/tasks/TASK_DEVICES_MAINTENANCE_CONSTITUTION_PROMPT.md,archive,docs/archive/prompts/TASK_DEVICES_MAINTENANCE_CONSTITUTION_PROMPT.md,,,برومبت توليد دستور نطاق الأجهزة والصيانة؛ الناتج موجود فعلاً بـ domains/devices-maintenance.md.,prompt,devices-maintenance,stale,docs/constitution/domains/devices-maintenance.md,,implemented,history,no,no,high,18296,410,2026-05-25,2026-05-25,0,0,0
docs/tasks/TASK_EMPLOYEES_CONSTITUTION_PROMPT.md,archive,docs/archive/prompts/TASK_EMPLOYEES_CONSTITUTION_PROMPT.md,,,برومبت توليد دستور نطاق الموظفين؛ الناتج موجود فعلاً بـ domains/employees.md.,prompt,employees,stale,docs/constitution/domains/employees.md,,implemented,history,no,no,high,17996,305,2026-05-25,2026-05-25,0,0,0
docs/tasks/TASK_FIELD_VISITS_CONSTITUTION_PROMPT.md,archive,docs/archive/prompts/TASK_FIELD_VISITS_CONSTITUTION_PROMPT.md,,,برومبت توليد دستور نطاق الزيارات الميدانية؛ الناتج موجود ومتطوّر فعلاً بـ domains/field-visits.md (وصل لقرارات DEC-007).,prompt,field-visits,stale,docs/constitution/domains/field-visits.md,,implemented,history,no,no,high,20525,470,2026-05-25,2026-05-25,2,0,0
docs/tasks/TASK_FIELD_VISITS_LIST_PROMPT.md,archive,docs/archive/prompts/TASK_FIELD_VISITS_LIST_PROMPT.md,,,بناء صفحة قائمة الزيارات الميدانية؛ منفّذة، السلوك الحالي أوسع وموثّق بدستور field-visits.,prompt,field-visits,stale,docs/constitution/domains/field-visits.md,,implemented,history,no,partial,medium,12704,301,2026-05-24,2026-05-24,0,0,0
docs/tasks/TASK_FINALIZE_CONTRACT_FORM_AND_DELETE_LEGACY_PROMPT.md,archive,docs/archive/prompts/TASK_FINALIZE_CONTRACT_FORM_AND_DELETE_LEGACY_PROMPT.md,,,خطوة إنهاء ContractForm وحذف marketingVisits.ts القديم؛ تم التأكد أن الملف غير موجود بالكود الحالي = منفّذ.,prompt,unified-visit-model-cleanup,stale,docs/constitution/features/unified-visit-model.md,,implemented,history,no,no,high,8236,249,2026-05-24,2026-05-24,1,0,0
docs/tasks/TASK_FIX_CONTACT_TARGET_DAILY_PROMPT.md,archive,docs/archive/prompts/TASK_FIX_CONTACT_TARGET_DAILY_PROMPT.md,,,إصلاح AP-G006 (جهة الاتصال = يوم واحد)؛ برومبت منفّذ، قاعدة العمل انتقلت لدستور contact-targets-eligibility-filter.,prompt,contact-targets-bugfix,stale,docs/constitution/features/contact-targets-eligibility-filter.md,,implemented,history,partial,no,medium,9129,282,2026-05-24,2026-05-24,1,0,0
docs/tasks/TASK_FIX_DATE_TYPE_MISMATCH_PROMPT.md,archive,docs/archive/prompts/TASK_FIX_DATE_TYPE_MISMATCH_PROMPT.md,,,إصلاح تعارض أنواع date/varchar بين contact_targets و telemarketing_task_lists؛ نفس مجموعة إصلاحات TASK_160/161.,prompt,date-type-mismatch,stale,,docs/tasks/TASK_160_FIX_DATE_TYPE_MISMATCH_PROMPT.md;docs/tasks/TASK_161_FIX_TEXT_DATE_INFERENCE_PROMPT.md,implemented,history,no,no,medium,3417,94,2026-05-24,2026-05-24,1,0,0
docs/tasks/TASK_FIX_SOLO_TEAM_VALIDATION_PROMPT.md,archive,docs/archive/prompts/TASK_FIX_SOLO_TEAM_VALIDATION_PROMPT.md,,,منع إضافة مشرف لفريق الطوارئ (solo)؛ قاعدة تحقق منفّذة وموثّقة الآن بدستور team-scheduling.,prompt,team-scheduling,stale,docs/constitution/features/team-scheduling.md,,implemented,history,no,no,medium,2298,52,2026-05-24,2026-05-24,1,0,0
docs/tasks/TASK_FIX_TEAM_PROPAGATION_FINAL_PROMPT.md,archive,docs/archive/prompts/TASK_FIX_TEAM_PROPAGATION_FINAL_PROMPT.md,,,تصحيح انتقال الفريق بعد إعادة الإسناد (نسخة نهائية)؛ منفّذ، متعلق بـ TASK_FIX_TEAM_REPLACEMENT_PROPAGATION.,prompt,team-scheduling,stale,docs/constitution/features/team-scheduling.md,docs/tasks/TASK_FIX_TEAM_REPLACEMENT_PROPAGATION_PROMPT.md,implemented,history,no,no,medium,4683,125,2026-05-24,2026-05-24,1,0,0
docs/tasks/TASK_FIX_TEAM_REPLACEMENT_PROPAGATION_PROMPT.md,archive,docs/archive/prompts/TASK_FIX_TEAM_REPLACEMENT_PROPAGATION_PROMPT.md,,,"إصلاح استبدال الفريق لا ينتقل للكيانات المرتبطة؛ سبق النسخة ""النهائية"" لنفس المشكلة.",prompt,team-scheduling,stale,docs/constitution/features/team-scheduling.md,docs/tasks/TASK_FIX_TEAM_PROPAGATION_FINAL_PROMPT.md,implemented,history,no,no,medium,3945,109,2026-05-24,2026-05-24,0,0,0
docs/tasks/TASK_GEO_UNITS_CONSTITUTION_PROMPT.md,archive,docs/archive/prompts/TASK_GEO_UNITS_CONSTITUTION_PROMPT.md,,,برومبت توليد دستور نطاق المناطق الجغرافية؛ الناتج موجود فعلاً بـ domains/geo-units.md.,prompt,geo-units,stale,docs/constitution/domains/geo-units.md,,implemented,history,no,no,high,14570,348,2026-05-25,2026-05-25,0,0,0
docs/tasks/TASK_IMPROVE_CLIENT_PROFILE_NETWORK_TAB.md,archive,docs/archive/prompts/TASK_IMPROVE_CLIENT_PROFILE_NETWORK_TAB.md,,,تحسين تاب الشبكة (الوسطاء) بملف الزبون؛ منفّذ، شبكة referrers موثّقة حالياً كمصدر وحيد بدستور clients.md.,prompt,client-referrers-network,stale,docs/constitution/domains/clients.md,,implemented,history,no,partial,high,11653,273,2026-05-27,2026-05-27,0,0,0
docs/tasks/TASK_NAME_COLLECTIONS_REFERRAL_SHEETS_PROMPT.md,archive,docs/archive/prompts/TASK_NAME_COLLECTIONS_REFERRAL_SHEETS_PROMPT.md,,,نسخة شبه مطابقة (PROMPT) لملف بيانات الأسماء المقترحة؛ نفس مصير الملف التوأم، مستبدل بـ referral_sheets.,prompt,referral-sheets,stale,docs/constitution/domains/field-visits.md,docs/tasks/TASK_NAME_COLLECTIONS_REFERRAL_SHEETS.md,implemented,history,no,partial,high,7173,125,2026-05-26,2026-05-26,2,0,0
docs/tasks/TASK_NAME_COLLECTIONS_REFERRAL_SHEETS.md,archive,docs/archive/prompts/TASK_NAME_COLLECTIONS_REFERRAL_SHEETS.md,,,بيانات الأسماء المقترحة ولوائح الأسماء؛ الموضوع تطوّر لاحقاً وأصبح referral_sheets حسب DEC-007 بدستور field-visits.,prompt,referral-sheets,stale,docs/constitution/domains/field-visits.md,docs/tasks/TASK_NAME_COLLECTIONS_REFERRAL_SHEETS_PROMPT.md,implemented,history,no,partial,high,7136,134,2026-05-26,2026-05-26,1,0,0
docs/tasks/TASK_OPEN_TASKS_CONSTITUTION_PROMPT.md,archive,docs/archive/prompts/TASK_OPEN_TASKS_CONSTITUTION_PROMPT.md,,,برومبت توليد دستور نطاق المهام المفتوحة؛ الناتج موجود فعلاً بـ domains/open-tasks.md.,prompt,open-tasks,stale,docs/constitution/domains/open-tasks.md,,implemented,history,no,no,high,23082,526,2026-05-25,2026-05-25,0,0,0
docs/tasks/TASK_PERMISSIONS_ROLES_CONSTITUTION_PROMPT.md,archive,docs/archive/prompts/TASK_PERMISSIONS_ROLES_CONSTITUTION_PROMPT.md,,,برومبت توليد دستور نطاق الصلاحيات والأدوار؛ الناتج موجود فعلاً بـ domains/roles-and-permissions.md (وpermissions-engineering-standard).,prompt,permissions-roles,stale,docs/constitution/domains/roles-and-permissions.md,,implemented,history,no,no,high,21388,463,2026-05-25,2026-05-25,0,0,0
docs/tasks/TASK_PHASE1_FIELD_VISIT_REASSIGN_PROMPT.md,archive,docs/archive/prompts/TASK_PHASE1_FIELD_VISIT_REASSIGN_PROMPT.md,,,المرحلة ١ من توحيد الزيارات: إعادة إسناد الفريق لـ field_visits؛ منفّذة، موثّقة حالياً بدستور unified-visit-model.,prompt,unified-visit-model,stale,docs/constitution/features/unified-visit-model.md,,implemented,history,no,no,medium,8041,168,2026-05-24,2026-05-24,1,0,0
docs/tasks/TASK_PHASE2_VISIT_UNIFICATION_PROMPT.md,archive,docs/archive/prompts/TASK_PHASE2_VISIT_UNIFICATION_PROMPT.md,,,المرحلة ٢: دمج الزيارة التسويقية ضمن field_visits/visit_tasks؛ منفّذة بالكامل (تأكدنا: لا SQL حي على marketing_visits).,prompt,unified-visit-model,stale,docs/constitution/features/unified-visit-model.md,,implemented,history,no,no,high,12396,282,2026-05-24,2026-05-24,1,0,0
docs/tasks/TASK_PHASE3_UNIFY_RESULTS_PROMPT.md,archive,docs/archive/prompts/TASK_PHASE3_UNIFY_RESULTS_PROMPT.md,,,المرحلة ٣: توحيد نتائج المهام ضمن visit_task_results؛ منفّذة، موثّقة حالياً بدستور unified-visit-model.,prompt,unified-visit-model,stale,docs/constitution/features/unified-visit-model.md,,implemented,history,no,no,medium,10093,280,2026-05-24,2026-05-24,1,0,0
docs/tasks/TASK_REMOVE_POSTSALE_BYPASS_PROMPT.md,archive,docs/archive/prompts/TASK_REMOVE_POSTSALE_BYPASS_PROMPT.md,,,حذف workaround allTasksArePostSale من telemarketing.ts؛ إصلاح تقني منفّذ.,prompt,telemarketing-bugfix,stale,docs/constitution/domains/telemarketing.md,,implemented,history,no,no,medium,4637,121,2026-05-24,2026-05-24,1,0,0
docs/tasks/TASK_TELEMARKETING_409_FIX_PROMPT.md,archive,docs/archive/prompts/TASK_TELEMARKETING_409_FIX_PROMPT.md,,,تصحيح خطأ 409 عند حجز موعد لمهام ما بعد البيع؛ إصلاح ضيق منفّذ، لا قيمة مرجعية لاحقة.,prompt,telemarketing-bugfix,stale,,,implemented,history,no,no,medium,15428,374,2026-05-24,2026-05-24,0,0,0
docs/tasks/TASK_TELEMARKETING_CONSTITUTION_PROMPT.md,archive,docs/archive/prompts/TASK_TELEMARKETING_CONSTITUTION_PROMPT.md,,,برومبت توليد دستور نطاق التسويق الهاتفي؛ الناتج موجود فعلاً بـ domains/telemarketing.md.,prompt,telemarketing,stale,docs/constitution/domains/telemarketing.md,,implemented,history,no,no,high,18454,431,2026-05-25,2026-05-25,0,0,0
docs/tasks/TASK_UNIFIED_DELIVERY_RESULT_UI_PROMPT.md,archive,docs/archive/prompts/TASK_UNIFIED_DELIVERY_RESULT_UI_PROMPT.md,,,ربط نتيجة التسليم/التركيب بالـ endpoint الموحد (field-visits)؛ منفّذ ضمن مسار توحيد الزيارات.,prompt,unified-visit-model,stale,docs/constitution/features/device-delivery-task.md,,implemented,history,no,partial,medium,6883,180,2026-05-24,2026-05-24,1,0,0
docs/tasks/TASK_UNIFIED_VISIT_MIGRATION_PHASES_6_10_PROMPT.md,archive,docs/archive/prompts/TASK_UNIFIED_VISIT_MIGRATION_PHASES_6_10_PROMPT.md,,,مراحل ٦-١٠ (الحذف النهائي لـ marketing_visits من الكود والقاعدة)؛ الكود منظّف فعلاً لكن لم يُعثر على DROP TABLE فعلي بأي migration — الحذف الفيزيائي للجدول القديم قد يكون لسا معلّق (تنظيف منخفض الأولوية).,prompt,unified-visit-model,partially-stale,docs/constitution/features/unified-visit-model.md,,partial,history,no,no,medium,10469,315,2026-05-24,2026-05-24,0,0,0
docs/tasks/TASK_UNIFIED_VISIT_MIGRATION_PHASES_6_7_8_PROMPT.md,archive,docs/archive/prompts/TASK_UNIFIED_VISIT_MIGRATION_PHASES_6_7_8_PROMPT.md,,,نقل الصلاحيات + حذف marketingVisits.ts API؛ تم التأكد أن الملف محذوف فعلاً من packages/api/routes.,prompt,unified-visit-model,stale,docs/constitution/features/unified-visit-model.md,,implemented,history,no,no,high,7634,207,2026-05-24,2026-05-24,1,0,0
docs/tasks/TASK_UNIFIED_VISIT_MIGRATION_PHASES_9_10_VERIFY_PROMPT.md,archive,docs/archive/prompts/TASK_UNIFIED_VISIT_MIGRATION_PHASES_9_10_VERIFY_PROMPT.md,,,حذف جداول marketing_visits من DB + verification نهائي؛ لا يوجد DROP TABLE بالـ migrations الحالية (الجدول من migration 001 بدون حذف لاحق) — الجزء الخاص بحذف الجدول الفيزيائي يبدو لسا معلّقاً كتنظيف تقني منخفض الأثر.,prompt,unified-visit-model,partially-stale,docs/constitution/features/unified-visit-model.md,,partial,history,no,no,medium,9990,270,2026-05-24,2026-05-24,3,0,0
docs/tasks/TASK_UNIFIED_VISIT_MIGRATION_PROMPT.md,archive,docs/archive/prompts/TASK_UNIFIED_VISIT_MIGRATION_PROMPT.md,,,خطة الـ migration الكاملة من marketing_visits (legacy) إلى field_visits (canonical)؛ منفّذة، موثّقة الآن كدستور فيتشر مستقل.,prompt,unified-visit-model,stale,docs/constitution/features/unified-visit-model.md,,implemented,history,no,no,high,11836,313,2026-05-24,2026-05-24,1,0,0
docs/tasks/TASK_UNIFY_MINI_CLIENT_SNAPSHOT_PROMPT.md,archive,docs/archive/prompts/TASK_UNIFY_MINI_CLIENT_SNAPSHOT_PROMPT.md,,,نسخة شبه مطابقة (PROMPT) لملف توحيد Mini ClientSnapshot؛ نفس مصير التوأم.,prompt,client-contract-snapshot,stale,docs/constitution/components/client-snapshot.md,docs/tasks/TASK_UNIFY_MINI_CLIENT_SNAPSHOT.md;docs/tasks/TASK_165_SNAPSHOT_SYSTEM_PROMPT.md,implemented,history,no,no,medium,2929,71,2026-05-26,2026-05-26,2,0,0
docs/tasks/TASK_UNIFY_MINI_CLIENT_SNAPSHOT.md,archive,docs/archive/prompts/TASK_UNIFY_MINI_CLIENT_SNAPSHOT.md,,,توحيد Mini ClientSnapshot عبر المشروع؛ منفّذ، موثّق حالياً كمكوّن client-snapshot.,prompt,client-contract-snapshot,stale,docs/constitution/components/client-snapshot.md,docs/tasks/TASK_UNIFY_MINI_CLIENT_SNAPSHOT_PROMPT.md;docs/tasks/TASK_165_SNAPSHOT_SYSTEM_PROMPT.md,implemented,history,no,no,medium,2723,60,2026-05-26,2026-05-26,1,0,0
docs/tasks/TASK_UNIFY_REFERRERS_SINGLE_SOURCE.md,archive,docs/archive/prompts/TASK_UNIFY_REFERRERS_SINGLE_SOURCE.md,,,توحيد مصدر الوسطاء عبر referrers JSONB كمصدر وحيد؛ منفّذ وموثّق حالياً بدستور clients.md.,prompt,client-referrers-network,stale,docs/constitution/domains/clients.md,,implemented,history,no,no,high,6416,179,2026-05-26,2026-05-26,0,0,0
docs/tasks/TASK_WARRANTY_PERIOD_SELECTION.md,archive,docs/archive/prompts/TASK_WARRANTY_PERIOD_SELECTION.md,,,اختيار فترات الكفالة (عقد/ذهبية)؛ استُبدل لاحقاً بنموذج الكفالة الموحّد (DEC-CT-16/17) الأوسع والموثّق بدستور 02b — إعادة التصميم الأكبر لسا غير منفّذة بالكامل حسب الذاكرة، لكنها متابَعة هناك وليس بهذا البرومبت القديم.,prompt,contract-warranties,stale,docs/constitution/contracts/02b-contract-warranties.md,,implemented,history,partial,no,medium,3981,90,2026-05-26,2026-05-26,0,0,0
docs/tasks/TASK_ZONE_ID_TASK_AWARE_PROMPT.md,archive,docs/archive/prompts/TASK_ZONE_ID_TASK_AWARE_PROMPT.md,,,zone_id بـ contact_targets حسب نوع المهمة (contract-basis vs client-basis)؛ منفّذ وموثّق حالياً بدستور planning-contact-targets.,prompt,contact-targets-planning,stale,docs/constitution/features/planning-contact-targets.md,,implemented,history,partial,no,medium,5131,140,2026-05-24,2026-05-24,1,0,0
docs/visit-lifecycle-contract.md,archive,docs/archive/superseded/visit-lifecycle-contract.md,,,يصف 5 مراحل زيارة تتضمن «أُعيدت الجدولة» كمرحلة نهائية، بينما القرار الدستوري الحاكم اللاحق (DEC-004) اعتمد 7 حالات زيارة بلا reschedule — تناقض صريح مع الدستور الحالي.,contract-track,field-visits,superseded,docs/constitution/decisions/DEC-004-visit-task-lifecycle-refinement.md,docs/visit-lifecycle-fix-plan.md,n/a,history,no,no,high,7633,200,2026-05-13,2026-05-13,2,0,0
docs/visit-lifecycle-fix-plan.md,archive,docs/archive/superseded/visit-lifecycle-fix-plan.md,,,خطة إصلاح مبنية على نموذج visit-lifecycle-contract.md القديم (نفس تاريخ 2026-05-13)، سابقة لإصلاح DEC-003/004 الشامل بتاريخ 2026-05-31.,plan,field-visits,superseded,docs/constitution/decisions/DEC-004-visit-task-lifecycle-refinement.md,docs/visit-lifecycle-contract.md,n/a,history,no,no,high,14763,382,2026-05-13,2026-05-13,0,0,0
docs/visit-lifecycle-flow.excalidraw,archive,docs/archive/superseded/visit-lifecycle-flow.excalidraw,,,رسم Excalidraw لتدفّق الزيارة بنفس تاريخ ونطاق visit-lifecycle-contract.md المتجاوز؛ محتوى بصري تاريخي لا يُحذف بل يُؤرشف.,other,field-visits,superseded,docs/constitution/decisions/DEC-004-visit-task-lifecycle-refinement.md,docs/visit-lifecycle-contract.md,n/a,history,no,no,medium,13294,0,2026-05-13,2026-05-13,0,0,0